scenario,method,mean_estimate,bias,mcse_bias,empirical_se,mcse_empirical_se,model_se,mcse_model_se,se_ratio,mcse_se_ratio,coverage,mcse_coverage,bias_eliminated_coverage,mcse_bias_eliminated_coverage,mse,failure_rate,mean_runtime_seconds
MIDUS-like,Naive,0.15922476821157702,0.00922476821157702,7.477966623723836e-4,0.03344248340824218,5.289043335279554e-4,0.03294812280734484,2.644720268404172e-5,0.9852175870176106,0.01560160961024891,0.9375,0.00541265877365274,0.9415,0.00524774951765039,0.00120293684521962,0,0.0019855000000003
MIDUS-like,CCA,0.1480270457676118,-0.0019729542323882,9.46862619935319e-4,0.04234498367057841,6.697004254480587e-4,0.04131293352366575,4.379435248583006e-5,0.9756275700814656,0.01546450634032146,0.9445,0.00511955808639769,0.9445,0.00511955808639769,0.00179609364164362,0,0.00260900000000105
MIDUS-like,FCS-MI,0.14888247569621413,-0.00111752430378587,7.85830351264491e-4,0.03514340168419879,5.558049388492885e-4,0.03428294131299735,3.0722133484888644e-5,0.975515734676637,0.01545286267360589,0.9445,0.00511955808639769,0.943,0.00518415856238984,0.00123569001316553,0,4.982568499999981
MIDUS-like,JM-MI,0.14859214188031417,-0.00140785811968582,7.881999722656724e-4,0.03524937435698985,5.574809329789862e-4,0.03425670751490373,3.083857207936664e-5,0.9718387386955346,0.01539484155534135,0.9385,0.00537204569973115,0.9415,0.00524774951765039,0.00124387919784809,0,347.1917225000001
MIDUS-like,IPW,0.14834155663718374,-0.00165844336281626,9.54612275138846e-4,0.04269155878732384,6.751816296667154e-4,0.04076365318763211,6.064969757881593e-5,0.9548410586435608,0.01516781546825153,0.939,0.00535158854920667,0.939,0.00535158854920667,0.00182440834148335,0,0.00669949999996882
MIDUS-like,AIPW,0.14852993795849134,-0.00147006204150864,7.8874657697612e-4,0.03527381926277749,5.578675375395968e-4,0.03387076009197758,3.97353605748189e-5,0.9602237806927676,0.01522799076540784,0.9315,0.00564835152942874,0.932,0.00562920953598282,0.00124578128662628,0,0.01928000000001455
Stress,Naive,0.17059060599119916,0.02059060599119916,9.260868570986196e-4,0.04141586331083293,6.550060686133828e-4,0.04154681079047646,4.065720645964193e-5,1.0031617710986909,0.01589568931712898,0.9245,0.00590761161553465,0.9495,0.00489641450451245,0.00213838915199951,0,0.00232899999999323
Stress,CCA,0.1518010194513648,0.00180101945136478,0.00201545423989408,0.090133853718867,0.00142549777920303,0.08815609340372002,2.087549020859909e-4,0.97805751963834,0.01564074390704757,0.9425,0.00520546587732548,0.943,0.00518415856238984,0.0081232932014852,0,0.00287199999998024
Stress,FCS-MI,0.1525053365813511,0.00250533658135109,0.00127165095940563,0.05686995977767672,8.994178992867669e-4,0.05885676554317229,1.5806386892284604e-4,1.0349359446228314,0.0166021706908694,0.9585,0.00445969449626316,0.9585,0.00445969449626316,0.00323885194033786,0,4.595562000000017
Stress,JM-MI,0.1512219087484239,0.0012219087484239,0.00128561578512021,0.05749448576951133,9.092949918295044e-4,0.05883711741558798,1.5739460794940706e-4,1.0233523550668686,0.01641455809584933,0.9565,0.00456112650559047,0.9545,0.00465992220965114,0.00330545614694306,0,272.7758445
Stress,IPW,0.15161530691039582,0.00161530691039581,0.00207512848202583,0.09280256695711418,0.0014677043934494,0.08188430829338099,2.617173441272078e-4,0.8823496049545836,0.01423677737020716,0.907,0.00649426670225361,0.907,0.00649426670225361,0.00861061949202752,0,0.00696650000001892
Stress,AIPW,0.14900435030800274,-9.956496919972435e-4,0.00136983993067034,0.06126110406544979,9.688653507394096e-4,0.05821363132592905,1.481468581025974e-4,0.9502543614580486,0.01522192082049669,0.934,0.0055517564788092,0.934,0.0055517564788092,0.00375203772819138,0,0.02055899999998018
