method,N,median_seconds,p95_seconds
AIPW,500,0.01745199999999186,0.020455800000017798
AIPW,800,0.01808250000000106,0.023200925000028946
AIPW,1500,0.03598850000002477,0.0427117250000565
CCA,500,0.0027915000000039852,0.003324824999992813
CCA,800,0.00257500000002382,0.0030478750000119993
CCA,1500,0.00370749999999348,0.004671250000040605
FCS-MI,500,4.393302000000009,5.068275600000004
FCS-MI,800,4.92961075,5.6796722500000225
FCS-MI,1500,6.348564750000003,6.946757900000065
IPW,500,0.00685100000002381,0.008060949999988616
IPW,800,0.00660224999999056,0.0077233249999899
IPW,1500,0.011728249999979566,0.016382374999950676
JM-MI,500,212.914784,237.044682175
JM-MI,800,325.06458325000006,432.04218947500004
JM-MI,1500,597.3697572500001,738.2620462
Naive,500,0.0021264999999979052,0.0025474750000002307
Naive,800,0.00198900000000059,0.002303775000012539
Naive,1500,0.0038854999999690196,0.005833449999984256
