scenario_id,N,phase2_fraction,r2_a_marker,r2_y_marker,theta_true,mean_n_phase2,sd_n_phase2,min_n_phase2,max_n_phase2,mean_realized_phase2_fraction,mean_min_pi_true,mean_p01_pi_true,mean_median_pi_true,mean_p99_pi_true,mean_max_pi_true
1,500,0.25,0.01,0,0,124.4985,9.93339488377254,93,158,0.248997,0.1426016057440415,0.15678830769974603,0.24977798701986523,0.3361908445935008,0.355491862657308
2,500,0.5,0.01,0,0,249.8235,11.189233540489349,211,285,0.499647,0.33608116270239596,0.36142262822126753,0.5030188599207931,0.6061501010805866,0.62616419716672
3,500,0.65,0.01,0,0,325.0555,10.710685278709752,290,365,0.650111,0.4870704171939867,0.5148106266878509,0.6549676803021548,0.7427395485778177,0.7584714062268442
4,800,0.25,0.01,0,0,199.7425,11.918356319504772,162,236,0.249678125,0.140417034668369,0.1564477706269677,0.24970916449077876,0.3364524651213196,0.3586643234378353
5,800,0.5,0.01,0,0,399.4855,14.256205997905873,347,453,0.499356875,0.3318499023843139,0.3603685359426785,0.5030219777230259,0.6064323355158457,0.6296903598014595
6,800,0.65,0.01,0,0,520.4115,13.715036232523403,473,566,0.650514375,0.4822879703224596,0.5142856024273148,0.6551780889151622,0.7431799338923977,0.7614541985889247
7,1500,0.25,0.01,0,0,374.905,16.48031478424165,325,427,0.24993666666666667,0.1377203309618261,0.15615858569067292,0.2497324788640313,0.33680374713393274,0.3633123702150939
8,1500,0.5,0.01,0,0,749.0675,19.083003544047543,687,814,0.4993783333333333,0.326880411253027,0.3599794336515563,0.5029888194046935,0.606776468083442,0.6340546890903245
9,1500,0.65,0.01,0,0,975.4855,18.27952023933041,911,1032,0.6503236666666666,0.47677040063850257,0.5136355685686312,0.6550962724522424,0.7434784413625473,0.7648758277147524
10,500,0.25,0.01,0.02,0,125.444,9.870743629022838,92,156,0.250888,0.14276192594726017,0.1568253358865398,0.24988997497819973,0.3366968713347065,0.35627526413694593
11,500,0.5,0.01,0.02,0,249.3805,11.187908848493587,210,292,0.498761,0.3352659696681506,0.3613057892098576,0.5032010311639729,0.6067315202715378,0.6268905375780774
12,500,0.65,0.01,0.02,0,325.135,10.674912265491365,290,358,0.65027,0.486340863007539,0.5145512194282902,0.6550433025762754,0.7429965112053118,0.7588378423884474
13,800,0.25,0.01,0.02,0,200.4065,12.16935924369895,156,243,0.25050812499999997,0.14031881458789577,0.15639978797146217,0.24994043074805167,0.33682266273012157,0.3593306688404072
14,800,0.5,0.01,0.02,0,399.745,13.740865354494424,355,452,0.49968125,0.33165879217753674,0.3606711300942504,0.5033668346220194,0.6069731278166032,0.630476466189701
15,800,0.65,0.01,0.02,0,520.1805,13.262951130360964,479,565,0.650225625,0.4817247842458378,0.5136384240783224,0.6550730563477326,0.7433125534910036,0.7616835480968099
16,1500,0.25,0.01,0.02,0,375.141,17.04140028465475,318,427,0.250094,0.13767098258321728,0.1560804442225808,0.24995516795526035,0.3372529228575773,0.36377795268709606
17,1500,0.5,0.01,0.02,0,750.231,19.12834508766758,684,822,0.500154,0.32673328227236936,0.3600164554383863,0.5032808353471405,0.6073627381852973,0.6349079007308797
18,1500,0.65,0.01,0.02,0,974.9665,18.672110261049777,911,1028,0.6499776666666667,0.4764642130501265,0.5133484250204061,0.6551527300156934,0.7436705818563043,0.7650746315490888
19,500,0.25,0.01,0.05,0,124.9845,9.70187213435921,96,160,0.249969,0.14244551831500318,0.15672280309347164,0.24979092126978736,0.3363561553804056,0.35589401940967363
20,500,0.5,0.01,0.05,0,249.774,11.302247316228689,199,290,0.499548,0.33544775618436146,0.36138430012732864,0.5033666686533366,0.6068384348532321,0.6275262386687964
21,500,0.65,0.01,0.05,0,325.2015,10.5185178308866,291,358,0.6504030000000001,0.4860747786640312,0.5143332465257623,0.65468601879805155,0.7427340800750407,0.7586959222221191
22,800,0.25,0.01,0.05,0,200.1445,12.466608516912569,159,238,0.250180625,0.14018154941335015,0.15628877119782236,0.2496936469157546,0.3368969966723677,0.3593169130020674
23,800,0.5,0.01,0.05,0,400.227,14.655199023869127,349,449,0.50028375,0.3316034527685938,0.360566114189134,0.5033504032604552,0.6073898045672547,0.6305789884186068
24,800,0.65,0.01,0.05,0,519.82,13.685037088735275,476,568,0.649775,0.48111682929022004,0.5130637809567576,0.6545885309156118,0.7430513482999253,0.7616649434223879
25,1500,0.25,0.01,0.05,0,375.1755,16.761866836361634,320,428,0.250117,0.13767069663788814,0.15594817010146333,0.2497589847071711,0.33709991974714654,0.36383217553694697
26,1500,0.5,0.01,0.05,0,750.177,19.084044942980324,681,819,0.500118,0.3267404170812425,0.35986476229276515,0.5033234722404366,0.6078029400588579,0.6350451074250887
27,1500,0.65,0.01,0.05,0,974.911,18.420959390662482,910,1036,0.6499406666666666,0.4756248368822556,0.5125265770211718,0.6545525943784876,0.7433834754005957,0.7650485914640007
28,500,0.25,0.01,0.1,0,125.1225,9.724236429513041,91,157,0.250245,0.1426048732124067,0.15678998632047506,0.25009571365320704,0.3370411421494377,0.35654428620595263
29,500,0.5,0.01,0.1,0,249.83,11.172265202494856,209,285,0.49966,0.33551647818346336,0.36105804134446456,0.503191536820123,0.606874316157416,0.627056634988902
30,500,0.65,0.01,0.1,0,324.769,10.58624925725199,291,360,0.6495380000000001,0.4863370618057398,0.5145316183255696,0.654946702341679,0.7433372012832793,0.7592837698777118
31,800,0.25,0.01,0.1,0,199.987,12.360672478148429,153,249,0.24998375,0.1404926998793968,0.1563598728726936,0.250030257969468,0.3373730849336509,0.3596312720334076
32,800,0.5,0.01,0.1,0,399.8355,14.082314992492318,354,461,0.499794375,0.331340139121611,0.3601546887284716,0.5032274466473999,0.6073746461963039,0.6307213577358709
33,800,0.65,0.01,0.1,0,520.0475,13.499161360199913,470,574,0.650059375,0.4818067067978197,0.5136029909646613,0.6549983890610649,0.7434577567174223,0.7618505815969935
34,1500,0.25,0.01,0.1,0,375.2155,16.686739747227314,309,433,0.25014366666666665,0.13763519456061754,0.15598243805394127,0.24999788864730602,0.33755662045434665,0.36446956469193753
35,1500,0.5,0.01,0.1,0,750.402,19.530543183908872,676,815,0.500268,0.32670793523314634,0.3596085945807377,0.5032149699157537,0.6076842412737019,0.6351618374846633
36,1500,0.65,0.01,0.1,0,975.443,18.34090906887487,916,1043,0.6502953333333333,0.4761814611745355,0.512974081697205,0.6549469511981353,0.7438006028746881,0.7653997709947621
37,500,0.25,0.05,0,0,125.3665,9.547342752138597,97,156,0.250733,0.14327251258494927,0.157321514802925,0.2503565743588724,0.33687015205548076,0.3565374286180081
38,500,0.5,0.05,0,0,249.69,11.39257632836835,215,289,0.49938,0.33611901105835995,0.36151167573086196,0.5030226960705018,0.6061420552197033,0.6258776008685313
39,500,0.65,0.05,0,0,325.3325,10.730308173894791,285,364,0.650665,0.48729900970036166,0.5147066004687509,0.6548596791236821,0.7424128704232453,0.7582514782590725
40,800,0.25,0.05,0,0,200.073,12.652537862309623,159,241,0.25009125,0.14083006684317304,0.15703354214609927,0.2503222758600018,0.3371848241665997,0.3596967976494529
41,800,0.5,0.05,0,0,399.713,14.028507779349079,353,446,0.49964125,0.33157216518553156,0.3605641319534003,0.5029250934860743,0.6065946926955667,0.6295981810733773
42,800,0.65,0.05,0,0,519.9905,13.297361379605727,480,567,0.649988125,0.48206602373446233,0.5139204860471918,0.6548498328929196,0.7429999561926808,0.7614434967327742
43,1500,0.25,0.05,0,0,376.0585,16.736520944230264,321,444,0.25070566666666666,0.1383110474774752,0.1565862837529614,0.2503181305781821,0.33762775548976937,0.3640276514505677
44,1500,0.5,0.05,0,0,749.1145,19.260292551895265,677,819,0.4994096666666667,0.326831208946301,0.36002817766275785,0.5028680964866765,0.6070079817920181,0.6345197112707479
45,1500,0.65,0.05,0,0,974.689,18.41273454424134,917,1040,0.6497926666666667,0.4766731902649982,0.5133786388777687,0.6547389767500985,0.7432232742859908,0.7646342738212056
46,500,0.25,0.05,0.02,0,125.018,9.861556730586468,93,158,0.250036,0.14244287794553945,0.15694292271023433,0.24981406107032458,0.336530171363855,0.3559602481140104
47,500,0.5,0.05,0.02,0,250.2485,11.396959818150991,211,284,0.500497,0.33632526888609215,0.36178158188141585,0.5033524951179178,0.607100877295137,0.6272288375535479
48,500,0.65,0.05,0.02,0,325.1415,10.546140919509234,288,361,0.65028300000000006,0.48635099394204306,0.514508161578625,0.6546402922506043,0.7427922822686917,0.7588336025556115
49,800,0.25,0.05,0.02,0,200.2215,12.349319438547925,156,240,0.250276875,0.14051931235547988,0.15643928849806152,0.24985053365976856,0.3370422862346373,0.3595264888694473
50,800,0.5,0.05,0.02,0,399.827,13.83151207797548,352,447,0.49978375,0.33171945974690864,0.360864704884538,0.5033852129335515,0.6072528569256284,0.6305744695414159
51,800,0.65,0.05,0.02,0,519.588,13.583943380288341,475,569,0.649485,0.48143460722994474,0.5133078912670418,0.6545731271421517,0.7430930778626034,0.7613300398389176
52,1500,0.25,0.05,0.02,0,375.397,16.94496848561511,314,437,0.2502646666666667,0.13768303971212623,0.15604350563754713,0.24974750068935683,0.33726365452320534,0.3641809612255889
53,1500,0.5,0.05,0.02,0,750.1145,19.398673769668147,675,813,0.5000763333333333,0.3269194066776128,0.36021480479725543,0.503335871461338,0.6076571560730969,0.6352114860167234
54,1500,0.65,0.05,0.02,0,975.22,18.766637774163847,920,1034,0.6501466666666667,0.4757079264803637,0.5129193985259728,0.6546062755744789,0.743406390450292,0.7649579229920321
55,500,0.25,0.05,0.05,0,125.1935,9.504326586451613,94,166,0.250387,0.1427811550106936,0.15706263776048277,0.2501008380551646,0.33702977244078414,0.35646030931625533
56,500,0.5,0.05,0.05,0,250.5325,11.113986867998856,210,287,0.501065,0.33595583453638017,0.36150086462983283,0.5035336201974552,0.6072541730481513,0.6274976336809815
57,500,0.65,0.05,0.05,0,325.113,10.504494428652947,289,360,0.650226,0.4859789070850727,0.5144021965938695,0.6549640947475047,0.7432613375385075,0.7591681113957416
58,800,0.25,0.05,0.05,0,199.8995,12.079791406734437,162,238,0.249874375,0.14062546621948926,0.15659516548000765,0.25006505907854976,0.3374987629471993,0.359771212824738
59,800,0.5,0.05,0.05,0,399.8475,13.699455510736378,355,445,0.499809375,0.332164143291664,0.36062050552314995,0.5035589956524935,0.6076957355213508,0.631030711701893
60,800,0.65,0.05,0.05,0,520.1415,13.866781225676721,472,568,0.650176875,0.48165029525268416,0.5136440403525914,0.654854571171682,0.7435412546820498,0.7618167999534298
61,1500,0.25,0.05,0.05,0,375.3255,16.987991219471372,322,438,0.250217,0.13778664475836408,0.1561728846941251,0.2500815424535112,0.33781860025804294,0.3643246889284355
62,1500,0.5,0.05,0.05,0,750.3065,20.05040067014913,684,816,0.5002043333333334,0.3267962091218415,0.360242536885698,0.5034760205602249,0.6080054684538023,0.635360607810428
63,1500,0.65,0.05,0.05,0,975.158,18.194904871464452,912,1032,0.6501053333333333,0.4757659489451952,0.5129666085123364,0.6548502318535695,0.7438893457589175,0.7654512306012863
64,500,0.25,0.05,0.1,0,124.9755,9.520305554914163,96,159,0.249951,0.14230808924845517,0.1566667960915421,0.24964959810988077,0.3368967832158977,0.3562920280947916
65,500,0.5,0.05,0.1,0,250.343,11.017351860633775,213,297,0.500686,0.3353620597986478,0.361044318993103,0.5032201648346855,0.6070551673606336,0.6271057710259961
66,500,0.65,0.05,0.1,0,324.9655,10.676108813594018,291,361,0.649931,0.4853379227451495,0.5137481330353695,0.6546428687270206,0.7429908857057077,0.7588688064801197
67,800,0.25,0.05,0.1,0,200.0445,12.260533434155507,162,241,0.250055625,0.139921864783702,0.1561028582014513,0.24969659439883263,0.33711448487273926,0.35972150115120716
68,800,0.5,0.05,0.1,0,400.0065,14.266577212586114,346,444,0.500008125,0.33167752679583495,0.3603180323023817,0.5030727419516248,0.6076379758310512,0.6307158185472653
69,800,0.65,0.05,0.1,0,519.832,13.282996461548077,473,560,0.64979,0.481680117864874,0.5132532815987145,0.6545794036691331,0.7433598547773455,0.7617671189977395
70,1500,0.25,0.05,0.1,0,374.9745,17.15733186624261,322,448,0.249983,0.13730807675964063,0.15583702936427324,0.24960461964714017,0.337504923500176,0.3643238519271962
71,1500,0.5,0.05,0.1,0,749.7945,19.25932840509522,685,819,0.499863,0.3262055994306826,0.3596798852624658,0.5031054269302211,0.6078271154412471,0.6352676487782734
72,1500,0.65,0.05,0.1,0,974.9015,18.544453244112148,919,1038,0.6499343333333333,0.4756302875344145,0.5124547043677353,0.6544808823865197,0.7435181154913145,0.7652306067626153
73,500,0.25,0.1,0,0,125.186,9.811041344634782,89,161,0.250372,0.14307766707616446,0.15709366220375823,0.24983432758997826,0.3364126045534872,0.35610126893869254
74,500,0.5,0.1,0,0,250.06,11.162916525383334,212,284,0.50012,0.33583316536218677,0.3614871895968524,0.5032777264624854,0.6065611909361555,0.6264117677066483
75,500,0.65,0.1,0,0,324.587,10.758917610711453,290,357,0.649174,0.48653508026476205,0.5143992963283536,0.6546318805783495,0.7425500943256153,0.7582848376957507
76,800,0.25,0.1,0,0,200.1025,12.241074940864218,156,241,0.250128125,0.14067123740079956,0.1566831225656891,0.24991655508954685,0.3368988389565236,0.35968429226316095
77,800,0.5,0.1,0,0,399.9365,13.601101526397253,360,450,0.499920625,0.3320958731724855,0.36092902654294473,0.5030032750269194,0.606756085741058,0.6299825853790674
78,800,0.65,0.1,0,0,520.007,13.47474435259103,470,564,0.65000875,0.48191664711991034,0.513934913915616,0.6545967962758694,0.7428245551839285,0.7611975017907506
79,1500,0.25,0.1,0,0,374.593,16.576179773033772,320,425,0.24972866666666665,0.13809980913322797,0.15635543714874228,0.2498477889785317,0.33709054162899427,0.36373425399404413
80,1500,0.5,0.1,0,0,750.4385,19.223084592245343,685,818,0.5002923333333333,0.3269372965477063,0.3603147215510929,0.5031171503427314,0.6073160381907411,0.6345721284292767
81,1500,0.65,0.1,0,0,974.968,18.34083338031678,916,1044,0.6499786666666667,0.4761640413487208,0.5131487551831639,0.6546487967554253,0.7431431608212151,0.76457253440713
82,500,0.25,0.1,0.02,0,125.345,9.66818037977819,93,156,0.25069,0.14280668535322694,0.15695870952431126,0.24995791751083996,0.3368965746971319,0.35645855837107915
83,500,0.5,0.1,0.02,0,249.816,10.752392802324874,214,290,0.499632,0.336049298406038,0.3617510618208081,0.503231172922099,0.6070161846638518,0.6271442469386929
84,500,0.65,0.1,0.02,0,325.0545,10.478235846898638,289,363,0.650109,0.4861222384524108,0.5140845605242012,0.6546659156605583,0.7426776339158498,0.7586807869375268
85,800,0.25,0.1,0.02,0,199.9255,12.118142367426561,159,242,0.249906875,0.14068621233243642,0.1566582675464437,0.25007677425553937,0.3375045653380902,0.3601726520742302
86,800,0.5,0.1,0.02,0,400.2245,14.15956731059292,349,449,0.500280625,0.33211392249542077,0.36078672894878433,0.5032892774505922,0.6074256896582477,0.6306611840773555
87,800,0.65,0.1,0.02,0,520.3125,13.728148993487567,462,564,0.650390625,0.4817179618248338,0.5135955387475097,0.654614474957117,0.743230068148238,0.7617210880550752
88,1500,0.25,0.1,0.02,0,375.992,17.39460324672729,318,441,0.25066133333333335,0.1380075041533955,0.15640572158944616,0.2500971296020201,0.3376768500382564,0.3643877779372287
89,1500,0.5,0.1,0.02,0,751.0755,19.14066305646491,683,811,0.500717,0.3270576365474327,0.36032532365212183,0.5032867240001972,0.607765236640602,0.6352067779441888
90,1500,0.65,0.1,0.02,0,974.5255,18.747295279323495,899,1036,0.6496836666666667,0.47590133367298976,0.5127858665276673,0.6544852014691654,0.7434959536194926,0.7647910128202209
91,500,0.25,0.1,0.05,0,124.918,9.733840445831873,93,159,0.249836,0.14244020944243516,0.15679866650861357,0.24986301937734384,0.33684839802509564,0.3562489606032058
92,500,0.5,0.1,0.05,0,250.1035,11.165667190629764,215,286,0.500207,0.3357839851300783,0.3612484466073581,0.5031550348940247,0.6071116100442824,0.6271180057806071
93,500,0.65,0.1,0.05,0,325.1495,10.810392316702503,289,362,0.6502990000000001,0.48624928489708463,0.5146034425584055,0.6548906536858379,0.7432874528264934,0.7593861459070634
94,800,0.25,0.1,0.05,0,199.928,12.333850896576037,149,245,0.24991,0.1403550929473581,0.15645064673030584,0.24985040098946062,0.3373047927798626,0.3601009843530455
95,800,0.5,0.1,0.05,0,400.434,14.471155834126996,347,443,0.5005425,0.3318250660211382,0.3604692926807998,0.5032629872901073,0.6075854926936632,0.6307979640502346
96,800,0.65,0.1,0.05,0,519.847,13.369441348874323,480,563,0.64980875,0.4815761466429444,0.5135437977477515,0.6549918681850925,0.7437021476705824,0.7619996469762412
97,1500,0.25,0.1,0.05,0,376.0245,17.045062828673196,325,442,0.250683,0.1378879235329296,0.15613197344061341,0.24983844171088346,0.3376427281505768,0.3643741748848197
98,1500,0.5,0.1,0.05,0,750.52,19.437322468703766,681,810,0.5003466666666667,0.326426808139401,0.3600075422823002,0.5031583898644102,0.6078624812560239,0.635091597585683
99,1500,0.65,0.1,0.05,0,974.787,18.378153042529256,912,1033,0.649858,0.47618250380644567,0.5131152108357976,0.6548682984806915,0.7438818019101066,0.7652809510223417
100,500,0.25,0.1,0.1,0,125.1975,9.524381905159919,96,160,0.250395,0.14266081773697448,0.1569701554762476,0.2502375701901244,0.33752308563968314,0.3570800747032924
101,500,0.5,0.1,0.1,0,249.901,11.206470965283758,209,286,0.499802,0.3350207617019868,0.3609022522089201,0.5027462251451852,0.6068311461823216,0.6271821172702193
102,500,0.65,0.1,0.1,0,324.8735,10.440737629646938,282,363,0.649747,0.4857563478450642,0.5138281079557063,0.6544078503797406,0.7430452999161081,0.7590126967803628
103,800,0.25,0.1,0.1,0,199.764,12.337885382343845,159,245,0.249705,0.1406090456829896,0.15665872003542952,0.2501907111050599,0.3379179294426933,0.3604119181687192
104,800,0.5,0.1,0.1,0,399.4935,14.174428205662434,354,446,0.499366875,0.33116708785131543,0.3601445945936008,0.5028174102938916,0.6073799364017427,0.6306158494416513
105,800,0.65,0.1,0.1,0,519.442,13.38690556552597,476,561,0.6493025,0.4807707180724926,0.5133091601248838,0.6544124209119008,0.743370923547274,0.7615751987826472
106,1500,0.25,0.1,0.1,0,376.465,16.416532102217314,323,434,0.2509766666666667,0.13769410107414645,0.15625720475127133,0.25027316613679873,0.33831872916281447,0.3648466657447769
107,1500,0.5,0.1,0.1,0,749.6205,18.81822368134837,676,816,0.499747,0.3260708539685784,0.3593814069343783,0.5027546146449525,0.607853386497264,0.6353574325213676
108,1500,0.65,0.1,0.1,0,974.179,18.968417420272964,905,1038,0.6494526666666667,0.47524438588964485,0.5123454504727624,0.654416133615685,0.7436266896070541,0.7654271419186642
109,500,0.25,0.01,0,0.15,125.0155,9.516277608380278,93,165,0.250031,0.1424536349300221,0.15709421505541885,0.24990662467972438,0.3370453997719003,0.3570711471728928
110,500,0.5,0.01,0,0.15,250.1055,11.166096480207514,215,284,0.500211,0.33552241751226924,0.3613903866762595,0.5033098523091554,0.6073240994010993,0.6280043895844031
111,500,0.65,0.01,0,0.15,325.2145,10.730426868507617,283,359,0.650429,0.4855552663958693,0.5147304165985142,0.6548150118550427,0.7431640992502775,0.7597920070414075
112,800,0.25,0.01,0,0.15,199.795,12.401970788536792,156,239,0.24974375,0.14014610421108262,0.15656691882243273,0.24987762880460615,0.33773609880457633,0.36052231771099313
113,800,0.5,0.01,0,0.15,399.8565,13.947012846257325,351,445,0.499820625,0.33103964656979346,0.3609771154719634,0.50324563953181,0.607734314925527,0.6317224518801354
114,800,0.65,0.01,0,0.15,519.9275,13.16168145334553,477,564,0.649909375,0.4813357473825557,0.5140672797968928,0.6548849712045673,0.7436822615849449,0.7624779471095864
115,1500,0.25,0.01,0,0.15,374.9115,16.79096888413632,317,429,0.249941,0.13708772553702306,0.1561411128975503,0.24975981622925192,0.33782445248324017,0.3655018392484893
116,1500,0.5,0.01,0,0.15,750.2645,19.371400706522653,678,815,0.5001763333333333,0.3257453715730212,0.3602596748749811,0.503362795745777,0.6081566778644064,0.6367540626339072
117,1500,0.65,0.01,0,0.15,974.399,19.108724988479548,914,1040,0.6495993333333333,0.475075489557551,0.513324962216077,0.6548589996226196,0.7439265931054132,0.7663424146437233
118,500,0.25,0.01,0.02,0.15,125.193,9.56239879608499,94,160,0.250386,0.14231948298155414,0.15680159881918537,0.24981215790295475,0.3372966934785585,0.3574482954880777
119,500,0.5,0.01,0.02,0.15,250.099,10.927758551206955,212,287,0.500198,0.3351938612992407,0.3612111170403936,0.5032484326847598,0.6077387947606745,0.6286572917166696
120,500,0.65,0.01,0.02,0.15,324.767,10.507755110333004,290,363,0.6495340000000001,0.48535701345717075,0.51410486989923,0.6546349895058449,0.743379034425048,0.7599682027256042
121,800,0.25,0.01,0.02,0.15,199.828,12.379258419610997,160,245,0.249785,0.1398713585404947,0.1564629279859003,0.24980902515959294,0.3376184943532605,0.36077617379412363
122,800,0.5,0.01,0.02,0.15,400.045,13.895485499205463,354,450,0.50005625,0.33147595813940167,0.36058541303745156,0.5033980146397034,0.6082569929026281,0.6327224131771444
123,800,0.65,0.01,0.02,0.15,519.5605,13.515534565354551,471,559,0.649450625,0.4802777224098525,0.5132833628254282,0.6545660610167885,0.7436603698910624,0.762612967240809
124,1500,0.25,0.01,0.02,0.15,374.9055,16.759266280273923,322,432,0.249937,0.1372681929737941,0.15608950809430125,0.2497801920297412,0.3379544705910138,0.3654995184508372
125,1500,0.5,0.01,0.02,0.15,750.1045,19.177420746368412,693,804,0.5000696666666666,0.3261280565853284,0.3600844503615722,0.5033932132835329,0.6084903561102153,0.6367505200610936
126,1500,0.65,0.01,0.02,0.15,974.973,18.309666653068078,908,1034,0.649982,0.47461268388947936,0.5127460230003009,0.6546711681707875,0.7439805340376783,0.7662546554181828
127,500,0.25,0.01,0.05,0.15,125.244,9.640951092552253,96,158,0.250488,0.14230001189706082,0.1569230619046794,0.25006734569519623,0.33779504143140693,0.35777239881346035
128,500,0.5,0.01,0.05,0.15,249.7355,11.110862494995217,215,290,0.499471,0.3345275460485485,0.3607936032094702,0.5028921388354922,0.6074161139489002,0.6281787257892556
129,500,0.65,0.01,0.05,0.15,324.808,10.71417438566235,285,362,0.649616,0.48405563408581836,0.5132976293306041,0.6541341023070864,0.7429617962479633,0.7593429382473245
130,800,0.25,0.01,0.05,0.15,200.104,12.071580075647155,151,243,0.25013,0.13988766756631874,0.15651475570132797,0.2500077684209573,0.3381848418989719,0.36158104474826774
131,800,0.5,0.01,0.05,0.15,400.193,14.381521653932912,349,447,0.50024125,0.3305550428685121,0.36022258194199885,0.5030980504138385,0.6080913920559249,0.6324277543650553
132,800,0.65,0.01,0.05,0.15,519.2105,13.593806881913963,473,563,0.649013125,0.4792447440564112,0.5127125793018759,0.6541800434177449,0.7434292893860951,0.7626129719679451
133,1500,0.25,0.01,0.05,0.15,375.4755,16.782080289982815,325,437,0.250317,0.13719937233788737,0.15612229118626292,0.24999006682527114,0.3383778882891553,0.36605055435306716
134,1500,0.5,0.01,0.05,0.15,749.997,19.357022967623006,684,834,0.499998,0.3252650416637465,0.35956331363274463,0.5030254742419549,0.6083681773567658,0.637052728429522
135,1500,0.65,0.01,0.05,0.15,974.3805,18.397362616027678,910,1043,0.649587,0.4740017461688145,0.5124278274041836,0.6542235915262792,0.7437024017910546,0.7661975638322176
136,500,0.25,0.01,0.1,0.15,125.276,9.514677532332461,96,155,0.250552,0.14193810770972262,0.15663875910619085,0.24984180170993864,0.33777635750261775,0.35793247025921476
137,500,0.5,0.01,0.1,0.15,250.419,11.30156191200249,215,290,0.500838,0.3350706050737915,0.36116614687450277,0.503373070122054,0.6081678926772742,0.6290286009047289
138,500,0.65,0.01,0.1,0.15,325.317,10.279754261354544,288,355,0.650634,0.48519376894081045,0.5145841951852657,0.6552085173138867,0.7441150085564859,0.760634025973812
139,800,0.25,0.01,0.1,0.15,199.681,12.232377304811344,157,243,0.24960125,0.13981677325674,0.15637497479420834,0.24983188105052814,0.3380700165217676,0.3612719940434499
140,800,0.5,0.01,0.1,0.15,400.088,14.4458158924444,353,458,0.50011,0.3305906672404239,0.3606074678861273,0.5034065493992091,0.608483480403236,0.6326478697083078
141,800,0.65,0.01,0.1,0.15,520.0795,13.562195483149534,468,566,0.650099375,0.48167520885496123,0.5138344952692728,0.6551995323538929,0.7445260780415308,0.763433510033139
142,1500,0.25,0.01,0.1,0.15,375.516,16.44907383456611,322,432,0.250344,0.13683523464256178,0.15590481008510684,0.24991261909905574,0.33840490447518057,0.36608298636710485
143,1500,0.5,0.01,0.1,0.15,750.612,19.660486346010895,687,812,0.500408,0.32533305202668933,0.35976002357943765,0.5032922297870094,0.6087148403154999,0.6369367644905581
144,1500,0.65,0.01,0.1,0.15,975.5995,18.67472817703763,911,1038,0.6503996666666667,0.4753710210042581,0.5132141696170437,0.6551286134219261,0.7447445998917246,0.7668930454753808
145,500,0.25,0.05,0,0.15,124.8785,9.754656037359986,94,156,0.249757,0.14230483847316316,0.15688118938922,0.2496894469250088,0.33695057815486307,0.35679173429343647
146,500,0.5,0.05,0,0.15,249.713,11.126613670200063,216,286,0.499426,0.3357199459834569,0.36178796755479536,0.5034390797449323,0.6075720583059206,0.6280399886482022
147,500,0.65,0.05,0,0.15,324.7085,10.827841374180368,286,366,0.649417,0.48632637717989696,0.5147074423749327,0.6548511251881591,0.7433801576515003,0.7598864065458729
148,800,0.25,0.05,0,0.15,199.492,11.97495869796255,161,242,0.249365,0.14005503751283482,0.15653356709306787,0.24969564809887101,0.33745158356469984,0.3607641115137053
149,800,0.5,0.05,0,0.15,400.049,13.337748939509495,358,451,0.50006125,0.3313742672892926,0.3611977748433933,0.5032890933981387,0.6079149688987031,0.6319082267297274
150,800,0.65,0.05,0,0.15,520.1645,13.760745576072711,474,563,0.650205625,0.48109721719740484,0.5140538316818104,0.6548648500920929,0.743640607678194,0.762631749914988
151,1500,0.25,0.05,0,0.15,375.4705,16.804592435208203,318,431,0.25031366666666666,0.13709975987329381,0.15612869949894215,0.24971001146187352,0.3377952942764246,0.3653083800583632
152,1500,0.5,0.05,0,0.15,750.302,19.26656160808407,693,821,0.5002013333333334,0.3262848427727421,0.36043808126458443,0.503336633581554,0.6084181015086106,0.6365051450784974
153,1500,0.65,0.05,0,0.15,974.982,19.092536197929142,912,1037,0.649988,0.4752494162519287,0.5133002711561454,0.654836938468693,0.7441067783510263,0.7661072781775727
154,500,0.25,0.05,0.02,0.15,125.2825,9.804068218184398,94,157,0.250565,0.1422944913004133,0.156953155072201,0.2498522381066322,0.33755208761249944,0.3575193351887636
155,500,0.5,0.05,0.02,0.15,250.796,11.057826267439747,215,290,0.501592,0.3352633478571085,0.36113518728483135,0.5030891625952256,0.6075294446653318,0.6284724988243025
156,500,0.65,0.05,0.02,0.15,325.065,10.470844965767975,283,355,0.65013,0.48559490762020646,0.5143778515628971,0.6548346853232263,0.7434503020777458,0.7601035766324837
157,800,0.25,0.05,0.02,0.15,199.999,12.017953844448881,166,238,0.24999875,0.13998280865167145,0.1566311041598524,0.2499126466500117,0.3379329334487527,0.36111961046661845
158,800,0.5,0.05,0.02,0.15,400.494,13.915415315099146,356,446,0.5006175,0.3309983375354726,0.3605798976828857,0.5031531306921376,0.6080401698209333,0.6323780543803049
159,800,0.65,0.05,0.02,0.15,520.487,13.395168766131189,481,562,0.65060875,0.480789516178421,0.5137810356585044,0.6548186113856671,0.7441374643428144,0.7630901874451309
160,1500,0.25,0.05,0.02,0.15,375.3185,16.74100320602598,316,443,0.2502123333333333,0.1370691684692699,0.15626012030841044,0.24994406412628156,0.3383640237272338,0.3658654211870722
161,1500,0.5,0.05,0.02,0.15,749.841,19.474736241496004,683,815,0.499894,0.3257878868420288,0.3600070060609225,0.5031604761843878,0.6084267631136604,0.636948303201386
162,1500,0.65,0.05,0.02,0.15,975.107,18.182102337813177,920,1039,0.6500713333333333,0.4752928758629087,0.5131808133505723,0.6548296569662057,0.7443823133960505,0.7668375802543737
163,500,0.25,0.05,0.05,0.15,124.9745,9.599058324145926,91,156,0.249949,0.1418785078299508,0.15657296566103315,0.24969017157500226,0.33757423013374194,0.3574025059752709
164,500,0.5,0.05,0.05,0.15,250.2305,11.236213597026314,212,287,0.500461,0.33465896930475236,0.36083342220121134,0.5026526699746642,0.6075039175298708,0.6278986069810543
165,500,0.65,0.05,0.05,0.15,324.827,10.865408393142657,288,361,0.6496540000000001,0.4848106484219876,0.513882024226182,0.6544510297279074,0.7435233759186756,0.7600519617369661
166,800,0.25,0.05,0.05,0.15,199.908,12.449780500766215,154,242,0.249885,0.13968446051206815,0.156287244510659,0.24967284838610415,0.3379137906259451,0.3612714041349039
167,800,0.5,0.05,0.05,0.15,399.6935,13.802456725374215,356,437,0.499616875,0.3302941848220906,0.36020323050054165,0.5027312349741991,0.6079781896509611,0.6320008363387459
168,800,0.65,0.05,0.05,0.15,519.544,13.751204012954755,475,563,0.64943,0.4802111164706557,0.513216310258517,0.6544539231905985,0.7438394805466285,0.7628377337839986
169,1500,0.25,0.05,0.05,0.15,375.416,16.981140231497438,321,425,0.25027733333333335,0.13672542177821484,0.1559475587382365,0.24970149559357005,0.33823337155088357,0.36559065997693746
170,1500,0.5,0.05,0.05,0.15,749.427,19.29245371603085,665,817,0.499618,0.3253913198338087,0.3595081445000545,0.5026811889133923,0.6081913787315073,0.6365608908127532
171,1500,0.65,0.05,0.05,0.15,974.237,18.63519429018964,915,1059,0.6494913333333333,0.47419481795255813,0.5125796037378364,0.6544272798322102,0.7441563725244732,0.766578826484704
172,500,0.25,0.05,0.1,0.15,124.594,9.676517012373067,95,160,0.249188,0.14200098979460443,0.15642943653443406,0.24936702339204947,0.3373876535684486,0.35748449018824424
173,500,0.5,0.05,0.1,0.15,249.9585,11.209130209343854,210,294,0.499917,0.3347862646341313,0.3613036691658547,0.5032863412545197,0.6081131921798096,0.6287842878351771
174,500,0.65,0.05,0.1,0.15,324.9955,10.37806975867661,285,360,0.649991,0.48512879287575267,0.5141692342875084,0.6544699678597516,0.7438690499495402,0.7602484600379031
175,800,0.25,0.05,0.1,0.15,199.284,11.979611828009073,156,242,0.249105,0.13944661167349678,0.1560636607199096,0.2492425939229966,0.33768304564792906,0.3613249930313254
176,800,0.5,0.05,0.1,0.15,399.745,13.915020262092586,355,451,0.49968125,0.33024739258377916,0.3603953406960589,0.5030426422190678,0.6083838652030326,0.6323586214341677
177,800,0.65,0.05,0.1,0.15,520.0425,13.45117693105013,478,569,0.650053125,0.4799883858843245,0.5133540693134963,0.6547927587279166,0.7441633364997025,0.7631695043763054
178,1500,0.25,0.05,0.1,0.15,374.557,17.102602155819742,318,442,0.24970466666666666,0.13661594504057067,0.15558952406110782,0.24936635882436486,0.33802108304565054,0.36582951919558226
179,1500,0.5,0.05,0.1,0.15,750.0185,19.09081945448445,682,806,0.5000123333333334,0.32521378347135044,0.35966147899939266,0.5030686898882731,0.6088646939470709,0.6373045470492907
180,1500,0.65,0.05,0.1,0.15,974.987,18.534146548847268,920,1046,0.6499913333333334,0.47433563053994865,0.5126908715360853,0.654737200249028,0.7445410743739591,0.7665083008168614
181,500,0.25,0.1,0,0.15,125.101,9.682441522514786,88,155,0.250202,0.14259764194694297,0.15706642012179506,0.24978166109101993,0.3372696896278186,0.3574226802485062
182,500,0.5,0.1,0,0.15,249.4495,11.222496244640961,216,309,0.498899,0.3354541800000003,0.3611141337598683,0.5027403801898715,0.6073236206535118,0.6282518546454104
183,500,0.65,0.1,0,0.15,324.5695,10.44747551431977,286,355,0.649139,0.4854238056747084,0.5142109706355541,0.6543633529680132,0.7430895484163934,0.7595976082267765
184,800,0.25,0.1,0,0.15,199.4905,12.393212077698074,149,241,0.249363125,0.14017498496987266,0.1566236921864785,0.2496656750786781,0.33774400708986435,0.3607424620297777
185,800,0.5,0.1,0,0.15,399.441,14.355889550368907,354,447,0.49930125,0.33109378053616145,0.36069043307264786,0.5029949213121152,0.6078173033885284,0.6320585741671848
186,800,0.65,0.1,0,0.15,519.5015,13.635173512954069,476,575,0.649376875,0.4803602004854029,0.5134948454762945,0.6544118049686988,0.7434413275454274,0.7622055906193477
187,1500,0.25,0.1,0,0.15,374.742,16.648333835845403,308,432,0.249828,0.13737033142009408,0.1562228079745922,0.24978217303202352,0.33805485604822433,0.3657402207941978
188,1500,0.5,0.1,0,0.15,749.2805,19.54348468535802,682,827,0.49952033333333334,0.32591151081426917,0.36020869045495185,0.5030593195096046,0.6081550966051887,0.6365403512750837
189,1500,0.65,0.1,0,0.15,973.7605,18.129878267462153,916,1042,0.6491736666666666,0.4748986469248451,0.5130621448328826,0.6543417140600044,0.7438216590739866,0.7661373384950032
190,500,0.25,0.1,0.02,0.15,124.7175,9.716063745022913,92,158,0.249435,0.142561741650555,0.15695755790721908,0.24996574630189972,0.3377558802061941,0.3579630635344868
191,500,0.5,0.1,0.02,0.15,250.121,11.269554579938601,205,287,0.500242,0.3347915158704389,0.3610801500946755,0.5029023368680555,0.607529185653789,0.6282931822994062
192,500,0.65,0.1,0.02,0.15,324.8735,10.786040380210977,286,365,0.649747,0.4857669313549383,0.5145053875671216,0.6543669827945768,0.7435037999441574,0.7597809462284218
193,800,0.25,0.1,0.02,0.15,200.265,12.579463281405296,161,257,0.25033125,0.14002038309006673,0.1566255685145931,0.24989970376470583,0.3380442696373215,0.3610707530261695
194,800,0.5,0.1,0.02,0.15,399.9045,13.950149930790914,352,443,0.499880625,0.3309541793353236,0.3604812757787327,0.5027224588822671,0.6078737217907383,0.6321285011560654
195,800,0.65,0.1,0.02,0.15,519.859,13.699158823673741,471,564,0.64982375,0.48031898799249634,0.5136018447571661,0.6545578119224403,0.7440323450386052,0.7628910307567158
196,1500,0.25,0.1,0.02,0.15,375.2545,16.664920928248424,304,429,0.2501696666666667,0.13748545974413978,0.1561973797976825,0.24988786548708478,0.3384046252028283,0.36599753950341857
197,1500,0.5,0.1,0.02,0.15,749.7105,19.379873051435215,696,818,0.499807,0.3256435740569349,0.3599545083907655,0.5027913239019887,0.6083433383784617,0.6369221608499767
198,1500,0.65,0.1,0.02,0.15,974.8115,18.475297996731584,911,1037,0.6498743333333333,0.4741896760075809,0.5127170561566529,0.6544508030735124,0.7441905423358406,0.7663095174519902
199,500,0.25,0.1,0.05,0.15,124.844,9.615242609795272,94,162,0.249688,0.14230540497609706,0.15695222218291038,0.24993923608505933,0.3376675741449395,0.35792283474767916
200,500,0.5,0.1,0.05,0.15,250.051,11.033143891568987,212,284,0.500102,0.3347436124917098,0.3613440450493951,0.5030571530664317,0.6079654122354188,0.6285364104443109
201,500,0.65,0.1,0.05,0.15,324.6765,10.84581318213581,286,362,0.6493530000000001,0.48518336670012097,0.5144847922674232,0.6545785585326583,0.7438275845130982,0.7603988773058901
202,800,0.25,0.1,0.05,0.15,199.9045,12.283273959314748,158,253,0.249880625,0.13997151255721893,0.15640385100967738,0.24973114384244816,0.338194494370167,0.3613357088350985
203,800,0.5,0.1,0.05,0.15,400.2765,14.068084562285863,356,442,0.500345625,0.3308230349512403,0.36068350099038177,0.5031582738366186,0.6083605808904473,0.6320467635836247
204,800,0.65,0.1,0.05,0.15,519.925,13.396757501566485,478,564,0.64990625,0.48066446222135806,0.5134573142799378,0.6545737875188206,0.7443388809811893,0.7631379043612592
205,1500,0.25,0.1,0.05,0.15,374.8745,16.916081894556186,314,423,0.24991633333333332,0.13693465923395956,0.15602876751133302,0.2497902070882798,0.33845679791911254,0.3660925043741159
206,1500,0.5,0.1,0.05,0.15,748.964,19.450343491336227,679,806,0.4993093333333333,0.3253968928860928,0.35995012159858286,0.50295645970429,0.608701254877665,0.6372771844266272
207,1500,0.65,0.1,0.05,0.15,974.686,18.264561344323337,915,1037,0.6497906666666666,0.47481194889187306,0.5128866479254252,0.6546495161370267,0.7445496671169362,0.7666887454388934
208,500,0.25,0.1,0.1,0.15,125.301,9.576860504808675,97,159,0.250602,0.1422546377599164,0.15682407146814836,0.24986550486214557,0.3378853612612496,0.35820946313079416
209,500,0.5,0.1,0.1,0.15,250.462,11.262769685583349,215,285,0.500924,0.33459118656440656,0.36063636387973136,0.5027074231964533,0.6078285566313091,0.6282369946202028
210,500,0.65,0.1,0.1,0.15,324.999,10.936032068291468,289,355,0.649998,0.4850749489799845,0.5142229992954651,0.654815029616838,0.7440427148243755,0.7605026011725009
211,800,0.25,0.1,0.1,0.15,199.8225,12.403100910905428,156,250,0.249778125,0.13982288800677672,0.15641009547278345,0.24971002892270505,0.3383708284205252,0.3616185235299952
212,800,0.5,0.1,0.1,0.15,400.1805,14.10749554191787,348,448,0.500225625,0.33022340867487154,0.3600058994995162,0.5026603418707482,0.60809447087362,0.6321978263133567
213,800,0.65,0.1,0.1,0.15,520.008,13.398085323850292,469,569,0.65001,0.480659406160513,0.5134553673266526,0.6546827619743175,0.7443795780492075,0.76338457384787894
214,1500,0.25,0.1,0.1,0.15,375.481,16.620251363252265,313,432,0.2503206666666667,0.13699062076361768,0.15597015585947022,0.24984510257998196,0.33867842856634306,0.366512528895918
215,1500,0.5,0.1,0.1,0.15,749.368,19.140082219616687,679,821,0.49957866666666667,0.32479162131174405,0.35936438593565917,0.5025396909434936,0.6085273790593487,0.6368865602489159
216,1500,0.65,0.1,0.1,0.15,975.0105,18.109427529127373,891,1030,0.650007,0.4743628814869758,0.5128088762874264,0.6548088635437674,0.7448155343992897,0.7671033954625608
217,500,0.25,0.01,0,0.3,125.1505,9.686783090031316,85,166,0.250301,0.14218001721078366,0.15729215739492233,0.2500837390307615,0.33830218771112996,0.35898196831540485
218,500,0.5,0.01,0,0.3,249.693,11.1295860139729,215,286,0.499386,0.3344028890183163,0.36148261509324403,0.503139008589341,0.6081545428452326,0.6294809364842304
219,500,0.65,0.01,0,0.3,324.998,10.94348554793988,286,360,0.649996,0.4848089310006886,0.5147915227109436,0.6546909941865544,0.7439148424941183,0.7608790065683302
220,800,0.25,0.01,0,0.3,200.6925,11.966224927666609,162,241,0.250865625,0.13963744336387582,0.156730224808495,0.24999733018359738,0.3386274463895891,0.3628452695994565
221,800,0.5,0.01,0,0.3,399.681,14.17500279901828,347,452,0.49960125,0.3300559951391609,0.360698760786621,0.503155957238001,0.6085862862540755,0.6331141387309321
222,800,0.65,0.01,0,0.3,520.001,13.245819146524356,463,560,0.65000125,0.4793148549348962,0.5136128993993926,0.6546762049677588,0.7443924394364816,0.7637741365573412
223,1500,0.25,0.01,0,0.3,374.9265,16.520368005268974,309,430,0.249951,0.13677669444313523,0.15635555689406863,0.25001671105828727,0.33896749628981016,0.36739690350365695
224,1500,0.5,0.01,0,0.3,749.7485,19.82336325186288,681,812,0.4998323333333333,0.3247969353244857,0.3602447707314997,0.5031917359218753,0.6090227760899162,0.6380086112446113
225,1500,0.65,0.01,0,0.3,974.9405,18.741520270272115,905,1031,0.6499603333333334,0.4738379918333575,0.5130214617015825,0.6547597934560113,0.7446002378451236,0.7673711936971287
226,500,0.25,0.01,0.02,0.3,124.8925,9.726008501470957,96,156,0.249785,0.14206096443974126,0.15687161426481788,0.24985791808109795,0.3381814059250504,0.35893765027422186
227,500,0.5,0.01,0.02,0.3,250.4185,11.24796052882606,213,287,0.500837,0.33527604219860185,0.36211596607502555,0.5037183129004612,0.6087634654507941,0.6304702550384874
228,500,0.65,0.01,0.02,0.3,324.692,10.556507752470226,285,353,0.6493840000000001,0.48423503139389124,0.5140810826905431,0.6542768766409844,0.7438224098495629,0.7611057310736876
229,800,0.25,0.01,0.02,0.3,200.213,12.341141879560649,152,244,0.25026625,0.13955472124141413,0.15652962044104432,0.24977151560524635,0.3385943951477734,0.3628820166698685
230,800,0.5,0.01,0.02,0.3,400.4285,14.065696202279765,351,446,0.500535625,0.33052066525850443,0.36116775931742306,0.5037291069053524,0.6094190537398836,0.6341927058095698
231,800,0.65,0.01,0.02,0.3,519.477,13.381367699183457,472,559,0.64934625,0.47910306340198155,0.513079913325567,0.6543631053017218,0.7442517331287029,0.7638140762931331
232,1500,0.25,0.01,0.02,0.3,375.1585,16.786133112853634,321,445,0.25010566666666667,0.13670814969638628,0.1560958438594284,0.2498331619131654,0.3388298080288863,0.3676723694468438
233,1500,0.5,0.01,0.02,0.3,751.0345,19.676455249754664,687,816,0.5006896666666667,0.32549078435210965,0.360366057084806,0.5037104795874427,0.6099253167944856,0.6388379566534074
234,1500,0.65,0.01,0.02,0.3,974.6335,18.454849457100487,909,1031,0.6497556666666666,0.4731171852243619,0.5125105601038137,0.6543904905873562,0.7445725901693848,0.767474896567621
235,500,0.25,0.01,0.05,0.3,124.9295,9.760489912482152,88,164,0.249859,0.1414903810240271,0.15680783626661807,0.24972777848620503,0.3381111332582972,0.35905552038103633
236,500,0.5,0.01,0.05,0.3,249.671,11.291302216878107,211,286,0.499342,0.33378076778671867,0.36099961730927727,0.502849027264045,0.6085200969252468,0.6295356592447656
237,500,0.65,0.01,0.05,0.3,325.253,10.891156947258859,287,366,0.650506,0.4841291707030339,0.5138076488916179,0.6543005674094285,0.744186206575386,0.7610849906815372
238,800,0.25,0.01,0.05,0.3,199.748,12.708786434050781,160,245,0.249685,0.13932988015542894,0.15646418806399226,0.24967949167473372,0.33862727255378555,0.3628909828169377
239,800,0.5,0.01,0.05,0.3,399.806,13.948033474970924,358,442,0.4997575,0.32994323749356086,0.36011341447551315,0.503027646298035,0.6089380993901498,0.633620590612461
240,800,0.65,0.01,0.05,0.3,519.7145,13.401895207304591,469,565,0.649643125,0.4791312872884817,0.5131136636559953,0.6544655544884742,0.744363156854578,0.7636822058118672
241,1500,0.25,0.01,0.05,0.3,374.595,16.9057942120141,308,430,0.24973,0.13631712044271696,0.15587478153453072,0.2497592786237247,0.33892218482935543,0.36725058291181767
242,1500,0.5,0.01,0.05,0.3,750.828,19.272548652572727,695,811,0.500552,0.3242398013815948,0.35966497853453505,0.5029797244211578,0.6092262716078934,0.6384858655859097
243,1500,0.65,0.01,0.05,0.3,975.06,18.79159285374687,910,1045,0.65004,0.4728213737591868,0.5125947537874993,0.6544009373423945,0.7447324548196491,0.7674162375087513
244,500,0.25,0.01,0.1,0.3,125.197,9.983587882795781,93,155,0.250394,0.14115309757637057,0.15647999592765335,0.24946931001942832,0.3380710112580857,0.3588152586310162
245,500,0.5,0.01,0.1,0.3,249.9615,11.07580039668527,206,284,0.499923,0.3340157931817832,0.36121725790576853,0.5029576188842825,0.608726924908905,0.6302553760321645
246,500,0.65,0.01,0.1,0.3,324.879,10.758728276011924,291,360,0.6497580000000001,0.4844545789181209,0.5141385645393698,0.654516247369311,0.7443059328218641,0.7612881499909746
247,800,0.25,0.01,0.1,0.3,199.6205,12.348794520642755,161,238,0.249525625,0.1390283207434107,0.15598966023281027,0.24934788017523066,0.3384721735364297,0.36321507198019054
248,800,0.5,0.01,0.1,0.3,399.6855,14.103653649786517,355,457,0.499606875,0.32984956141339716,0.36014685196742124,0.502988081677194,0.6090872345952947,0.6337973167517187
249,800,0.65,0.01,0.1,0.3,519.564,13.048449525422887,475,568,0.649455,0.4791054726506787,0.5131454845022094,0.6543508313876263,0.7445480667574138,0.7639946182325748
250,1500,0.25,0.01,0.1,0.3,374.456,16.766294113761532,309,426,0.24963733333333332,0.1362157500347228,0.15562396932919276,0.24937885169792098,0.3388698897451568,0.367233823184916
251,1500,0.5,0.01,0.1,0.3,750.1855,19.799901711975792,682,818,0.5001236666666666,0.32418060670660465,0.35944269002860063,0.5029093282626249,0.6094409700630191,0.6387171318463194
252,1500,0.65,0.01,0.1,0.3,974.3525,18.391801786025976,908,1035,0.6495683333333333,0.47313708404722993,0.512444666158609,0.6543925167664995,0.7448469933306415,0.7675971076206106
253,500,0.25,0.05,0,0.3,124.856,9.68024367248983,92,156,0.249712,0.14217830912127477,0.15717103709938557,0.24992624268272332,0.33815879132470916,0.3587822018164038
254,500,0.5,0.05,0,0.3,250.1595,11.194316241202678,212,295,0.500319,0.33453591169867286,0.3618441564189353,0.5031208487290384,0.6084429012731832,0.6301831968464444
255,500,0.65,0.05,0,0.3,324.59,10.651836969058797,286,358,0.64918,0.48489541773397077,0.514220765688764,0.654104620579404,0.74364412887273,0.7607281302740935
256,800,0.25,0.05,0,0.3,200.276,12.357919852934222,160,244,0.250345,0.1397189681208463,0.15679014644576555,0.24995840046931964,0.33865311496249456,0.36298039106886903
257,800,0.5,0.05,0,0.3,400.282,13.710268477709159,361,451,0.5003525,0.3302717611730181,0.36115409426363715,0.5031130051170049,0.6088760886719033,0.6335025265581298
258,800,0.65,0.05,0,0.3,519.962,13.701621189173412,473,561,0.6499525,0.47974976010519776,0.5132818731541126,0.6542061727321049,0.74404443472183035,0.7637084208443994
259,1500,0.25,0.05,0,0.3,374.698,16.75431734135376,325,439,0.24979866666666667,0.1368758231755637,0.15646154997526063,0.2499856792376937,0.3390620909735906,0.3674008062109864
260,1500,0.5,0.05,0,0.3,751.275,19.545162616126923,672,820,0.50085,0.32511707431167286,0.3603640701983264,0.5031704835923948,0.6092297249595516,0.6384796697218431
261,1500,0.65,0.05,0,0.3,973.78,18.060279257071905,920,1028,0.6491866666666667,0.4734773672171407,0.5125754310492213,0.6541466562169912,0.7443202292408656,0.7671008852412218
262,500,0.25,0.05,0.02,0.3,125.4665,9.524559641693893,98,158,0.250933,0.1420450545731321,0.1570097545357864,0.2501600576362549,0.3388500696809476,0.3596329586285147
263,500,0.5,0.05,0.02,0.3,250.0085,11.16533743914912,212,290,0.500017,0.3348007327186852,0.3614982743338231,0.50303530797567,0.6087198993124757,0.629636044169247
264,500,0.65,0.05,0.02,0.3,324.7075,10.488848922825753,293,358,0.649415,0.4846610207433239,0.5139969909615859,0.6543033834786334,0.7440620881812299,0.7607150681756139
265,800,0.25,0.05,0.02,0.3,199.7105,12.46203598616455,156,247,0.249638125,0.13951223004539803,0.15664691052278742,0.25011963498553147,0.339108387131865,0.3631466221580381
266,800,0.5,0.05,0.02,0.3,399.8975,14.1821211400134,353,452,0.499871875,0.3298340481311366,0.36084875378491055,0.5031305395594634,0.6090905010838655,0.6338248921501046
267,800,0.65,0.05,0.02,0.3,519.7245,14.041302604794888,477,563,0.649655625,0.47970366662882796,0.5134564420436621,0.6542345220028464,0.7443155476164796,0.7638924452307919
268,1500,0.25,0.05,0.02,0.3,375.3065,16.729748952091303,317,429,0.2502043333333333,0.13683199888599668,0.15640264353751343,0.25013172440182185,0.3394077735172014,0.36796956878152975
269,1500,0.5,0.05,0.02,0.3,750.3555,19.033556101762475,679,815,0.500237,0.3245968035111804,0.35996348450888965,0.5030480932467991,0.609444255631878,0.6385760205671982
270,1500,0.65,0.05,0.02,0.3,975.3315,18.536245681150646,908,1042,0.650221,0.4732175555916779,0.5124958146998945,0.6543108201696508,0.744755557611547,0.7676282208342782
271,500,0.25,0.05,0.05,0.3,125.134,9.774242267610976,92,162,0.250268,0.14161932724402382,0.15653095665232178,0.24953253091512811,0.33806449884613016,0.35895082483911245
272,500,0.5,0.05,0.05,0.3,249.951,11.261972074530453,205,294,0.499902,0.33420425188306907,0.36129196214589454,0.502900694126763,0.6085933568900854,0.6298854651753358
273,500,0.65,0.05,0.05,0.3,324.885,10.824664506618227,291,363,0.6497700000000001,0.4837926149696527,0.5137019161030311,0.6541461286470175,0.7439743346665268,0.7610496710003253
274,800,0.25,0.05,0.05,0.3,199.7335,12.234472563598919,159,240,0.249666875,0.13908725732566682,0.156303609633975,0.24956320538317475,0.33871009741745595,0.3626814549370448
275,800,0.5,0.05,0.05,0.3,399.244,14.106982933417829,356,453,0.499055,0.3293612997529408,0.3603161113215932,0.5028407351281832,0.608867997275612,0.6336552757867584
276,800,0.65,0.05,0.05,0.3,519.584,13.731796135704762,468,567,0.64948,0.4790858134269449,0.5130858605431965,0.6541452563402561,0.7442898956455516,0.7638924490976787
277,1500,0.25,0.05,0.05,0.3,374.8615,16.66229677496198,324,427,0.24990766666666667,0.13654956013783182,0.15589422038283776,0.24952320572646292,0.3389661009000971,0.367415112575758
278,1500,0.5,0.05,0.05,0.3,749.7465,19.366847320551912,683,811,0.499831,0.32421748424911045,0.359678372385463,0.5027872790251015,0.6093796507461151,0.6386826651505535
279,1500,0.65,0.05,0.05,0.3,974.932,18.446015931682265,915,1054,0.6499546666666667,0.47230427995737984,0.5123631647673109,0.654170725670408,0.744697059308927,0.7676187852434883
280,500,0.25,0.05,0.1,0.3,124.945,9.651090444783257,98,160,0.24989,0.14167076585498162,0.15664626023034492,0.24948527681517976,0.3381507273929908,0.3591324185034234
281,500,0.5,0.05,0.1,0.3,249.8135,11.320989362687124,215,293,0.499627,0.33390404817220637,0.3604539778847692,0.5027137124135895,0.608750597938676,0.6301927512589695
282,500,0.65,0.05,0.1,0.3,325.4815,10.59494144118178,295,358,0.6509630000000001,0.48440147471445383,0.5146973658743913,0.6547368024634109,0.7445324691534544,0.7613658417073456
283,800,0.25,0.05,0.1,0.3,199.985,12.032213515435991,162,241,0.24998125,0.13907730337370433,0.15611511345575493,0.2495088673548755,0.3385417000243668,0.3629482726623206
284,800,0.5,0.05,0.1,0.3,399.767,13.918533463942724,356,452,0.49970875,0.3293064424000673,0.36012609698105746,0.502717637062239,0.6089867538338791,0.6339248514154083
285,800,0.65,0.05,0.1,0.3,519.593,13.603708370908292,475,573,0.64949125,0.47941252160088527,0.5134272553715843,0.6546823487012599,0.7450306304250596,0.7647157176897746
286,1500,0.25,0.05,0.1,0.3,375.355,16.947376841000953,318,431,0.25023666666666666,0.13615357348670581,0.15592056830408482,0.2494206625216362,0.33906639818221895,0.3678128088497558
287,1500,0.5,0.05,0.1,0.3,749.114,19.310138392107945,686,816,0.4994093333333333,0.3240074827954215,0.3596673879650372,0.5027781007012558,0.6094032093938174,0.6388657927560412
288,1500,0.65,0.05,0.1,0.3,974.93,18.301463651464957,915,1034,0.6499533333333334,0.47377780800604713,0.5128416858310447,0.6547036389828655,0.7452712903058208,0.7683052076115379
289,500,0.25,0.1,0,0.3,124.939,9.3710825198477945,97,158,0.24987800000000002,0.14178303585924956,0.15703146952525637,0.24973680268519646,0.33829337923510233,0.35918484569567977
290,500,0.5,0.1,0,0.3,249.609,11.1342312061622,215,292,0.499218,0.33417808459641446,0.3612865695767313,0.5027855702934213,0.6081480703690489,0.629675917495079
291,500,0.65,0.1,0,0.3,324.647,10.528001254046401,291,359,0.649294,0.48504363248426974,0.514836742444254,0.6544737909775178,0.7439451417321291,0.7609152826804297
292,800,0.25,0.1,0,0.3,199.682,12.239639716519237,158,239,0.2496025,0.13948429437509452,0.15656504649234348,0.24969623140153244,0.3385656675968297,0.36235154333891134
293,800,0.5,0.1,0,0.3,399.881,14.189838433096364,352,442,0.49985125,0.3300953988325289,0.36072235800564234,0.5027449919020663,0.6085957793993636,0.6333799538803158
294,800,0.65,0.1,0,0.3,519.8115,13.52569554477643,466,564,0.649764375,0.4799397712101059,0.5138136376959657,0.6545186732503886,0.7446403347007097,0.764230382609345
295,1500,0.25,0.1,0,0.3,375.1845,16.800940317368365,320,437,0.250123,0.13663423049623297,0.1562838753161906,0.24974008297787234,0.33882485877598995,0.3670008377615079
296,1500,0.5,0.1,0,0.3,749.864,19.07053608772802,678,820,0.4999093333333333,0.32470451522211274,0.3601731578704558,0.5027678710283909,0.6089569993765576,0.6381119128517558
297,1500,0.65,0.1,0,0.3,974.285,18.123769213528753,912,1028,0.6495233333333333,0.474074603653239,0.5132343810730954,0.6546266145495327,0.7447440030792325,0.7675471861188393
298,500,0.25,0.1,0.02,0.3,124.9425,9.63289105331429,89,157,0.249885,0.1419325212004596,0.156869361581477,0.2496251915387542,0.338415868680188,0.3592460016739062
299,500,0.5,0.1,0.02,0.3,250.5195,11.128905877174606,208,291,0.501039,0.3341954838672787,0.361406591780645,0.5029107472636188,0.6085066735538608,0.6300741009019415
300,500,0.65,0.1,0.02,0.3,325.055,10.525510352666613,293,358,0.65011,0.484894191767761,0.514682074763896,0.6547121860885958,0.7443599126671394,0.761351607324609
301,800,0.25,0.1,0.02,0.3,199.936,12.100955357337707,162,238,0.24992,0.13946172562404294,0.15640767886273002,0.24964350528385548,0.338891335102659,0.36284083916120025
302,800,0.5,0.1,0.02,0.3,399.346,14.30599925931089,355,447,0.4991825,0.3300919322859953,0.36064407072509075,0.5030903713696042,0.6091509969200157,0.6338373353061796
303,800,0.65,0.1,0.02,0.3,520.798,13.191178855576172,479,569,0.6509975,0.4796054777689182,0.5135858009126185,0.6546485654848684,0.7448871924054313,0.7644564003618273
304,1500,0.25,0.1,0.02,0.3,375.29,16.400621640507946,315,429,0.2501933333333333,0.13648342291740767,0.1561506197210632,0.24964225528058154,0.33907655864752634,0.3677037160995553
305,1500,0.5,0.1,0.02,0.3,750.014,19.79650865373586,683,823,0.5000093333333333,0.32518780096031696,0.3600987314225444,0.5030085805878619,0.6094394969354433,0.6384445285644194
306,1500,0.65,0.1,0.02,0.3,975.416,18.83887989498975,915,1044,0.6502773333333334,0.47440996129185947,0.5133450312774557,0.6547372083135587,0.7452359343535847,0.7680222359232588
307,500,0.25,0.1,0.05,0.3,124.457,9.610115928753515,94,159,0.248914,0.14185837227777587,0.1569606552242566,0.24989971276260672,0.33861934089686946,0.3592947350832892
308,500,0.5,0.1,0.05,0.3,250.153,11.355574205330454,214,289,0.500306,0.3341100384275418,0.3612035263514362,0.5029507389517307,0.608793047885777,0.6302595353893419
309,500,0.65,0.1,0.05,0.3,324.816,10.591942155209765,292,359,0.649632,0.48434638271636876,0.5142551726377954,0.6545299081220651,0.7445042264721552,0.7612276701077201
310,800,0.25,0.1,0.05,0.3,199.7435,12.295295640912776,161,239,0.249679375,0.1392856037835246,0.15646731731692218,0.249803411188063,0.3390252311083692,0.36323693370011045
311,800,0.5,0.1,0.05,0.3,400.323,14.022017668286717,349,449,0.50040375,0.3302613774695951,0.3606866272851512,0.5029887575470562,0.6090557956504461,0.6340780390065676
312,800,0.65,0.1,0.05,0.3,519.556,13.31760275994279,472,574,0.649445,0.47979562890093674,0.5136665000366966,0.6545513460828446,0.7447573909166549,0.7642641785118606
313,1500,0.25,0.1,0.05,0.3,375.002,16.18724836112526,307,434,0.25000133333333335,0.1363260626743038,0.15617053272285678,0.24969084767929448,0.3394553333115743,0.3679892523108302
314,1500,0.5,0.1,0.05,0.3,749.8485,19.140943958379086,679,814,0.499899,0.32427004722623737,0.35992095476358,0.5028502886631526,0.6095920578104935,0.6388412385295724
315,1500,0.65,0.1,0.05,0.3,975.0465,18.608236643634257,913,1032,0.650031,0.4732429537736845,0.5129168575250842,0.6546235289752955,0.7451755023810792,0.7682095988783794
316,500,0.25,0.1,0.1,0.3,124.959,9.579624397741327,94,158,0.249918,0.141472416987462,0.15674646720984053,0.2496916329286909,0.33871578940000435,0.3591506081100262
317,500,0.5,0.1,0.1,0.3,249.5905,11.296398278080874,212,288,0.499181,0.3339113989744129,0.36098643578646833,0.5027737560243302,0.6086663027735928,0.6305467304189929
318,500,0.65,0.1,0.1,0.3,325.2,10.459096344721855,292,361,0.6504,0.48410701556682817,0.5142194211093621,0.6545255389282735,0.7446822884507783,0.7616459684622215
319,800,0.25,0.1,0.1,0.3,199.8185,12.673352543125326,159,252,0.24977312499999998,0.13935901032133266,0.15629214498122207,0.24964199775610404,0.339204921375058,0.3631393988386096
320,800,0.5,0.1,0.1,0.3,399.8765,13.99850802276556,356,444,0.499845625,0.3296313758808226,0.36007737905967685,0.502751673830361,0.6092123145077556,0.6341738667781687
321,800,0.65,0.1,0.1,0.3,519.6435,13.582586317617782,476,565,0.649554375,0.4790613330685774,0.5132327308191034,0.6545744308921848,0.7450298061742994,0.7648802659897698
322,1500,0.25,0.1,0.1,0.3,375.353,16.866257033294513,320,430,0.2502353333333333,0.13633523919751178,0.15601224313747472,0.24979011400941042,0.33943862952608095,0.36864826949595425
323,1500,0.5,0.1,0.1,0.3,749.2015,19.7553292624328,687,819,0.49946766666666664,0.3237797157069406,0.35952662124822937,0.5027069126227522,0.6095031791681469,0.6390851342359954
324,1500,0.65,0.1,0.1,0.3,974.9095,18.433860511479367,916,1040,0.6499396666666667,0.4728016476174473,0.5125931982215179,0.6544871509405056,0.7452377260712126,0.7681927522609757
