outcome,method,status,finite_estimate,finite_se,finite_ci,passed
GrimAge2,Naive,ok,TRUE,TRUE,TRUE,TRUE
GrimAge2,CCA,ok,TRUE,TRUE,TRUE,TRUE
GrimAge2,FCS-MI,ok,TRUE,TRUE,TRUE,TRUE
GrimAge2,JM-MI,ok,TRUE,TRUE,TRUE,TRUE
GrimAge2,IPW,ok,TRUE,TRUE,TRUE,TRUE
GrimAge2,AIPW,ok,TRUE,TRUE,TRUE,TRUE
DunedinPACE,Naive,ok,TRUE,TRUE,TRUE,TRUE
DunedinPACE,CCA,ok,TRUE,TRUE,TRUE,TRUE
DunedinPACE,FCS-MI,ok,TRUE,TRUE,TRUE,TRUE
DunedinPACE,JM-MI,ok,TRUE,TRUE,TRUE,TRUE
DunedinPACE,IPW,ok,TRUE,TRUE,TRUE,TRUE
DunedinPACE,AIPW,ok,TRUE,TRUE,TRUE,TRUE
