outcome,outcome_variable,method,estimate,se,conf_low,conf_high,p_value,df,status,message,weight_min,weight_p99,weight_max,weight_cv,weight_ess,exposure,exposure_variable,N_phase1,N_phase2,phase2_fraction,nimp,mice_method,mice_maxit,jomo_nburn,jomo_nbetween,analysis_seed,total_all_methods_elapsed_seconds
DunedinPACE,dunedinpace_STD,Naive,0.16698402944770596,0.03313861922340099,0.10193258844254484,0.2320354704528671,5.821164902638858e-7,780,ok,NA,NA,NA,NA,NA,NA,Everyday discrimination,discrimination_STD,786,518,0.6590330788804071,20,norm,10,1000,1000,20260902,206.59000000000015
DunedinPACE,dunedinpace_STD,CCA,0.1301957082284071,0.04066302567248452,0.05030579348630851,0.21008562297050568,0.0014518550240454578,504,ok,NA,NA,NA,NA,NA,NA,Everyday discrimination,discrimination_STD,786,518,0.6590330788804071,20,norm,10,1000,1000,20260902,206.59000000000015
DunedinPACE,dunedinpace_STD,FCS-MI,0.1616899681939962,0.03357817780097133,0.09576853383810073,0.22761140254989165,1.7876168316868097e-6,729.2101606144905,ok,NA,NA,NA,NA,NA,NA,Everyday discrimination,discrimination_STD,786,518,0.6590330788804071,20,norm,10,1000,1000,20260902,206.59000000000015
DunedinPACE,dunedinpace_STD,JM-MI,0.1615069139754348,0.03342494085109101,0.09588861155531228,0.2271252163955573,1.6423228158249343e-6,744.8717030737222,ok,NA,NA,NA,NA,NA,NA,Everyday discrimination,discrimination_STD,786,518,0.6590330788804071,20,norm,10,1000,1000,20260902,206.59000000000015
DunedinPACE,dunedinpace_STD,IPW,0.12731747884873004,0.041280646904362985,0.046408897657663734,0.20822606003979635,0.002041051964090149,Inf,ok,NA,1.3082128975626577,1.962700623314753,2.034103707781088,0.0851926250053907,514.2747111490851,Everyday discrimination,discrimination_STD,786,518,0.6590330788804071,20,norm,10,1000,1000,20260902,206.59000000000015
DunedinPACE,dunedinpace_STD,AIPW,0.1618140497088116,0.035215136969994947,0.09279364953697657,0.23083444988064666,4.327200781964941e-6,Inf,ok,NA,1.3082128975626577,1.962700623314753,2.034103707781088,0.0851926250053907,514.2747111490851,Everyday discrimination,discrimination_STD,786,518,0.6590330788804071,20,norm,10,1000,1000,20260902,206.59000000000015
GrimAge2,grimage2_STD,Naive,0.06782277948492159,0.015758345441524303,0.03688898976008036,0.09875656920976282,1.891484186401111e-5,780,ok,NA,NA,NA,NA,NA,NA,Everyday discrimination,discrimination_STD,786,518,0.6590330788804071,20,norm,10,1000,1000,20260901,206.75
GrimAge2,grimage2_STD,CCA,0.048766196603626105,0.019033924946246693,0.011370586807867358,0.08616180639938485,0.01069472753653267,504,ok,NA,NA,NA,NA,NA,NA,Everyday discrimination,discrimination_STD,786,518,0.6590330788804071,20,norm,10,1000,1000,20260901,206.75
GrimAge2,grimage2_STD,FCS-MI,0.06545745210898976,0.015695704697495642,0.03464415543890946,0.09627074877907006,3.4000795910374336e-5,741.720606873789,ok,NA,NA,NA,NA,NA,NA,Everyday discrimination,discrimination_STD,786,518,0.6590330788804071,20,norm,10,1000,1000,20260901,206.75
GrimAge2,grimage2_STD,JM-MI,0.06581478582782142,0.015778523729424537,0.03483837161537354,0.09679120004026931,3.392970311425411e-5,734.0375774312876,ok,NA,NA,NA,NA,NA,NA,Everyday discrimination,discrimination_STD,786,518,0.6590330788804071,20,norm,10,1000,1000,20260901,206.75
GrimAge2,grimage2_STD,IPW,0.04611712062684211,0.021425528705597104,0.00412385601414271,0.08811038523954151,0.03136287912417238,Inf,ok,NA,1.312627273655313,1.9537508104177737,2.0260945081515387,0.08497106943300128,514.2939237945801,Everyday discrimination,discrimination_STD,786,518,0.6590330788804071,20,norm,10,1000,1000,20260901,206.75
GrimAge2,grimage2_STD,AIPW,0.06594920751988466,0.017562554140821595,0.03152723392733955,0.10037118111242976,1.7326990106377862e-4,Inf,ok,NA,1.312627273655313,1.9537508104177737,2.0260945081515387,0.08497106943300128,514.2939237945801,Everyday discrimination,discrimination_STD,786,518,0.6590330788804071,20,norm,10,1000,1000,20260901,206.75
