relative_path,format
01_full_factorial/bias/bias_RA001_RY000.pdf,pdf
01_full_factorial/bias/bias_RA001_RY000.png,png
01_full_factorial/bias/bias_RA001_RY002.pdf,pdf
01_full_factorial/bias/bias_RA001_RY002.png,png
01_full_factorial/bias/bias_RA001_RY005.pdf,pdf
01_full_factorial/bias/bias_RA001_RY005.png,png
01_full_factorial/bias/bias_RA001_RY010.pdf,pdf
01_full_factorial/bias/bias_RA001_RY010.png,png
01_full_factorial/bias/bias_RA005_RY000.pdf,pdf
01_full_factorial/bias/bias_RA005_RY000.png,png
01_full_factorial/bias/bias_RA005_RY002.pdf,pdf
01_full_factorial/bias/bias_RA005_RY002.png,png
01_full_factorial/bias/bias_RA005_RY005.pdf,pdf
01_full_factorial/bias/bias_RA005_RY005.png,png
01_full_factorial/bias/bias_RA005_RY010.pdf,pdf
01_full_factorial/bias/bias_RA005_RY010.png,png
01_full_factorial/bias/bias_RA010_RY000.pdf,pdf
01_full_factorial/bias/bias_RA010_RY000.png,png
01_full_factorial/bias/bias_RA010_RY002.pdf,pdf
01_full_factorial/bias/bias_RA010_RY002.png,png
01_full_factorial/bias/bias_RA010_RY005.pdf,pdf
01_full_factorial/bias/bias_RA010_RY005.png,png
01_full_factorial/bias/bias_RA010_RY010.pdf,pdf
01_full_factorial/bias/bias_RA010_RY010.png,png
01_full_factorial/bias_eliminated_coverage/bias_eliminated_coverage_RA001_RY000.pdf,pdf
01_full_factorial/bias_eliminated_coverage/bias_eliminated_coverage_RA001_RY000.png,png
01_full_factorial/bias_eliminated_coverage/bias_eliminated_coverage_RA001_RY002.pdf,pdf
01_full_factorial/bias_eliminated_coverage/bias_eliminated_coverage_RA001_RY002.png,png
01_full_factorial/bias_eliminated_coverage/bias_eliminated_coverage_RA001_RY005.pdf,pdf
01_full_factorial/bias_eliminated_coverage/bias_eliminated_coverage_RA001_RY005.png,png
01_full_factorial/bias_eliminated_coverage/bias_eliminated_coverage_RA001_RY010.pdf,pdf
01_full_factorial/bias_eliminated_coverage/bias_eliminated_coverage_RA001_RY010.png,png
01_full_factorial/bias_eliminated_coverage/bias_eliminated_coverage_RA005_RY000.pdf,pdf
01_full_factorial/bias_eliminated_coverage/bias_eliminated_coverage_RA005_RY000.png,png
01_full_factorial/bias_eliminated_coverage/bias_eliminated_coverage_RA005_RY002.pdf,pdf
01_full_factorial/bias_eliminated_coverage/bias_eliminated_coverage_RA005_RY002.png,png
01_full_factorial/bias_eliminated_coverage/bias_eliminated_coverage_RA005_RY005.pdf,pdf
01_full_factorial/bias_eliminated_coverage/bias_eliminated_coverage_RA005_RY005.png,png
01_full_factorial/bias_eliminated_coverage/bias_eliminated_coverage_RA005_RY010.pdf,pdf
01_full_factorial/bias_eliminated_coverage/bias_eliminated_coverage_RA005_RY010.png,png
01_full_factorial/bias_eliminated_coverage/bias_eliminated_coverage_RA010_RY000.pdf,pdf
01_full_factorial/bias_eliminated_coverage/bias_eliminated_coverage_RA010_RY000.png,png
01_full_factorial/bias_eliminated_coverage/bias_eliminated_coverage_RA010_RY002.pdf,pdf
01_full_factorial/bias_eliminated_coverage/bias_eliminated_coverage_RA010_RY002.png,png
01_full_factorial/bias_eliminated_coverage/bias_eliminated_coverage_RA010_RY005.pdf,pdf
01_full_factorial/bias_eliminated_coverage/bias_eliminated_coverage_RA010_RY005.png,png
01_full_factorial/bias_eliminated_coverage/bias_eliminated_coverage_RA010_RY010.pdf,pdf
01_full_factorial/bias_eliminated_coverage/bias_eliminated_coverage_RA010_RY010.png,png
01_full_factorial/coverage/coverage_RA001_RY000.pdf,pdf
01_full_factorial/coverage/coverage_RA001_RY000.png,png
01_full_factorial/coverage/coverage_RA001_RY002.pdf,pdf
01_full_factorial/coverage/coverage_RA001_RY002.png,png
01_full_factorial/coverage/coverage_RA001_RY005.pdf,pdf
01_full_factorial/coverage/coverage_RA001_RY005.png,png
01_full_factorial/coverage/coverage_RA001_RY010.pdf,pdf
01_full_factorial/coverage/coverage_RA001_RY010.png,png
01_full_factorial/coverage/coverage_RA005_RY000.pdf,pdf
01_full_factorial/coverage/coverage_RA005_RY000.png,png
01_full_factorial/coverage/coverage_RA005_RY002.pdf,pdf
01_full_factorial/coverage/coverage_RA005_RY002.png,png
01_full_factorial/coverage/coverage_RA005_RY005.pdf,pdf
01_full_factorial/coverage/coverage_RA005_RY005.png,png
01_full_factorial/coverage/coverage_RA005_RY010.pdf,pdf
01_full_factorial/coverage/coverage_RA005_RY010.png,png
01_full_factorial/coverage/coverage_RA010_RY000.pdf,pdf
01_full_factorial/coverage/coverage_RA010_RY000.png,png
01_full_factorial/coverage/coverage_RA010_RY002.pdf,pdf
01_full_factorial/coverage/coverage_RA010_RY002.png,png
01_full_factorial/coverage/coverage_RA010_RY005.pdf,pdf
01_full_factorial/coverage/coverage_RA010_RY005.png,png
01_full_factorial/coverage/coverage_RA010_RY010.pdf,pdf
01_full_factorial/coverage/coverage_RA010_RY010.png,png
01_full_factorial/empirical_se/empirical_se_RA001_RY000.pdf,pdf
01_full_factorial/empirical_se/empirical_se_RA001_RY000.png,png
01_full_factorial/empirical_se/empirical_se_RA001_RY002.pdf,pdf
01_full_factorial/empirical_se/empirical_se_RA001_RY002.png,png
01_full_factorial/empirical_se/empirical_se_RA001_RY005.pdf,pdf
01_full_factorial/empirical_se/empirical_se_RA001_RY005.png,png
01_full_factorial/empirical_se/empirical_se_RA001_RY010.pdf,pdf
01_full_factorial/empirical_se/empirical_se_RA001_RY010.png,png
01_full_factorial/empirical_se/empirical_se_RA005_RY000.pdf,pdf
01_full_factorial/empirical_se/empirical_se_RA005_RY000.png,png
01_full_factorial/empirical_se/empirical_se_RA005_RY002.pdf,pdf
01_full_factorial/empirical_se/empirical_se_RA005_RY002.png,png
01_full_factorial/empirical_se/empirical_se_RA005_RY005.pdf,pdf
01_full_factorial/empirical_se/empirical_se_RA005_RY005.png,png
01_full_factorial/empirical_se/empirical_se_RA005_RY010.pdf,pdf
01_full_factorial/empirical_se/empirical_se_RA005_RY010.png,png
01_full_factorial/empirical_se/empirical_se_RA010_RY000.pdf,pdf
01_full_factorial/empirical_se/empirical_se_RA010_RY000.png,png
01_full_factorial/empirical_se/empirical_se_RA010_RY002.pdf,pdf
01_full_factorial/empirical_se/empirical_se_RA010_RY002.png,png
01_full_factorial/empirical_se/empirical_se_RA010_RY005.pdf,pdf
01_full_factorial/empirical_se/empirical_se_RA010_RY005.png,png
01_full_factorial/empirical_se/empirical_se_RA010_RY010.pdf,pdf
01_full_factorial/empirical_se/empirical_se_RA010_RY010.png,png
01_full_factorial/mean_estimate/mean_estimate_RA001_RY000.pdf,pdf
01_full_factorial/mean_estimate/mean_estimate_RA001_RY000.png,png
01_full_factorial/mean_estimate/mean_estimate_RA001_RY002.pdf,pdf
01_full_factorial/mean_estimate/mean_estimate_RA001_RY002.png,png
01_full_factorial/mean_estimate/mean_estimate_RA001_RY005.pdf,pdf
01_full_factorial/mean_estimate/mean_estimate_RA001_RY005.png,png
01_full_factorial/mean_estimate/mean_estimate_RA001_RY010.pdf,pdf
01_full_factorial/mean_estimate/mean_estimate_RA001_RY010.png,png
01_full_factorial/mean_estimate/mean_estimate_RA005_RY000.pdf,pdf
01_full_factorial/mean_estimate/mean_estimate_RA005_RY000.png,png
01_full_factorial/mean_estimate/mean_estimate_RA005_RY002.pdf,pdf
01_full_factorial/mean_estimate/mean_estimate_RA005_RY002.png,png
01_full_factorial/mean_estimate/mean_estimate_RA005_RY005.pdf,pdf
01_full_factorial/mean_estimate/mean_estimate_RA005_RY005.png,png
01_full_factorial/mean_estimate/mean_estimate_RA005_RY010.pdf,pdf
01_full_factorial/mean_estimate/mean_estimate_RA005_RY010.png,png
01_full_factorial/mean_estimate/mean_estimate_RA010_RY000.pdf,pdf
01_full_factorial/mean_estimate/mean_estimate_RA010_RY000.png,png
01_full_factorial/mean_estimate/mean_estimate_RA010_RY002.pdf,pdf
01_full_factorial/mean_estimate/mean_estimate_RA010_RY002.png,png
01_full_factorial/mean_estimate/mean_estimate_RA010_RY005.pdf,pdf
01_full_factorial/mean_estimate/mean_estimate_RA010_RY005.png,png
01_full_factorial/mean_estimate/mean_estimate_RA010_RY010.pdf,pdf
01_full_factorial/mean_estimate/mean_estimate_RA010_RY010.png,png
01_full_factorial/model_se/model_se_RA001_RY000.pdf,pdf
01_full_factorial/model_se/model_se_RA001_RY000.png,png
01_full_factorial/model_se/model_se_RA001_RY002.pdf,pdf
01_full_factorial/model_se/model_se_RA001_RY002.png,png
01_full_factorial/model_se/model_se_RA001_RY005.pdf,pdf
01_full_factorial/model_se/model_se_RA001_RY005.png,png
01_full_factorial/model_se/model_se_RA001_RY010.pdf,pdf
01_full_factorial/model_se/model_se_RA001_RY010.png,png
01_full_factorial/model_se/model_se_RA005_RY000.pdf,pdf
01_full_factorial/model_se/model_se_RA005_RY000.png,png
01_full_factorial/model_se/model_se_RA005_RY002.pdf,pdf
01_full_factorial/model_se/model_se_RA005_RY002.png,png
01_full_factorial/model_se/model_se_RA005_RY005.pdf,pdf
01_full_factorial/model_se/model_se_RA005_RY005.png,png
01_full_factorial/model_se/model_se_RA005_RY010.pdf,pdf
01_full_factorial/model_se/model_se_RA005_RY010.png,png
01_full_factorial/model_se/model_se_RA010_RY000.pdf,pdf
01_full_factorial/model_se/model_se_RA010_RY000.png,png
01_full_factorial/model_se/model_se_RA010_RY002.pdf,pdf
01_full_factorial/model_se/model_se_RA010_RY002.png,png
01_full_factorial/model_se/model_se_RA010_RY005.pdf,pdf
01_full_factorial/model_se/model_se_RA010_RY005.png,png
01_full_factorial/model_se/model_se_RA010_RY010.pdf,pdf
01_full_factorial/model_se/model_se_RA010_RY010.png,png
01_full_factorial/mse/mse_RA001_RY000.pdf,pdf
01_full_factorial/mse/mse_RA001_RY000.png,png
01_full_factorial/mse/mse_RA001_RY002.pdf,pdf
01_full_factorial/mse/mse_RA001_RY002.png,png
01_full_factorial/mse/mse_RA001_RY005.pdf,pdf
01_full_factorial/mse/mse_RA001_RY005.png,png
01_full_factorial/mse/mse_RA001_RY010.pdf,pdf
01_full_factorial/mse/mse_RA001_RY010.png,png
01_full_factorial/mse/mse_RA005_RY000.pdf,pdf
01_full_factorial/mse/mse_RA005_RY000.png,png
01_full_factorial/mse/mse_RA005_RY002.pdf,pdf
01_full_factorial/mse/mse_RA005_RY002.png,png
01_full_factorial/mse/mse_RA005_RY005.pdf,pdf
01_full_factorial/mse/mse_RA005_RY005.png,png
01_full_factorial/mse/mse_RA005_RY010.pdf,pdf
01_full_factorial/mse/mse_RA005_RY010.png,png
01_full_factorial/mse/mse_RA010_RY000.pdf,pdf
01_full_factorial/mse/mse_RA010_RY000.png,png
01_full_factorial/mse/mse_RA010_RY002.pdf,pdf
01_full_factorial/mse/mse_RA010_RY002.png,png
01_full_factorial/mse/mse_RA010_RY005.pdf,pdf
01_full_factorial/mse/mse_RA010_RY005.png,png
01_full_factorial/mse/mse_RA010_RY010.pdf,pdf
01_full_factorial/mse/mse_RA010_RY010.png,png
01_full_factorial/power/power_RA001_RY000.pdf,pdf
01_full_factorial/power/power_RA001_RY000.png,png
01_full_factorial/power/power_RA001_RY002.pdf,pdf
01_full_factorial/power/power_RA001_RY002.png,png
01_full_factorial/power/power_RA001_RY005.pdf,pdf
01_full_factorial/power/power_RA001_RY005.png,png
01_full_factorial/power/power_RA001_RY010.pdf,pdf
01_full_factorial/power/power_RA001_RY010.png,png
01_full_factorial/power/power_RA005_RY000.pdf,pdf
01_full_factorial/power/power_RA005_RY000.png,png
01_full_factorial/power/power_RA005_RY002.pdf,pdf
01_full_factorial/power/power_RA005_RY002.png,png
01_full_factorial/power/power_RA005_RY005.pdf,pdf
01_full_factorial/power/power_RA005_RY005.png,png
01_full_factorial/power/power_RA005_RY010.pdf,pdf
01_full_factorial/power/power_RA005_RY010.png,png
01_full_factorial/power/power_RA010_RY000.pdf,pdf
01_full_factorial/power/power_RA010_RY000.png,png
01_full_factorial/power/power_RA010_RY002.pdf,pdf
01_full_factorial/power/power_RA010_RY002.png,png
01_full_factorial/power/power_RA010_RY005.pdf,pdf
01_full_factorial/power/power_RA010_RY005.png,png
01_full_factorial/power/power_RA010_RY010.pdf,pdf
01_full_factorial/power/power_RA010_RY010.png,png
01_full_factorial/relative_error/relative_error_RA001_RY000.pdf,pdf
01_full_factorial/relative_error/relative_error_RA001_RY000.png,png
01_full_factorial/relative_error/relative_error_RA001_RY002.pdf,pdf
01_full_factorial/relative_error/relative_error_RA001_RY002.png,png
01_full_factorial/relative_error/relative_error_RA001_RY005.pdf,pdf
01_full_factorial/relative_error/relative_error_RA001_RY005.png,png
01_full_factorial/relative_error/relative_error_RA001_RY010.pdf,pdf
01_full_factorial/relative_error/relative_error_RA001_RY010.png,png
01_full_factorial/relative_error/relative_error_RA005_RY000.pdf,pdf
01_full_factorial/relative_error/relative_error_RA005_RY000.png,png
01_full_factorial/relative_error/relative_error_RA005_RY002.pdf,pdf
01_full_factorial/relative_error/relative_error_RA005_RY002.png,png
01_full_factorial/relative_error/relative_error_RA005_RY005.pdf,pdf
01_full_factorial/relative_error/relative_error_RA005_RY005.png,png
01_full_factorial/relative_error/relative_error_RA005_RY010.pdf,pdf
01_full_factorial/relative_error/relative_error_RA005_RY010.png,png
01_full_factorial/relative_error/relative_error_RA010_RY000.pdf,pdf
01_full_factorial/relative_error/relative_error_RA010_RY000.png,png
01_full_factorial/relative_error/relative_error_RA010_RY002.pdf,pdf
01_full_factorial/relative_error/relative_error_RA010_RY002.png,png
01_full_factorial/relative_error/relative_error_RA010_RY005.pdf,pdf
01_full_factorial/relative_error/relative_error_RA010_RY005.png,png
01_full_factorial/relative_error/relative_error_RA010_RY010.pdf,pdf
01_full_factorial/relative_error/relative_error_RA010_RY010.png,png
01_full_factorial/relative_precision/relative_precision_RA001_RY000.pdf,pdf
01_full_factorial/relative_precision/relative_precision_RA001_RY000.png,png
01_full_factorial/relative_precision/relative_precision_RA001_RY002.pdf,pdf
01_full_factorial/relative_precision/relative_precision_RA001_RY002.png,png
01_full_factorial/relative_precision/relative_precision_RA001_RY005.pdf,pdf
01_full_factorial/relative_precision/relative_precision_RA001_RY005.png,png
01_full_factorial/relative_precision/relative_precision_RA001_RY010.pdf,pdf
01_full_factorial/relative_precision/relative_precision_RA001_RY010.png,png
01_full_factorial/relative_precision/relative_precision_RA005_RY000.pdf,pdf
01_full_factorial/relative_precision/relative_precision_RA005_RY000.png,png
01_full_factorial/relative_precision/relative_precision_RA005_RY002.pdf,pdf
01_full_factorial/relative_precision/relative_precision_RA005_RY002.png,png
01_full_factorial/relative_precision/relative_precision_RA005_RY005.pdf,pdf
01_full_factorial/relative_precision/relative_precision_RA005_RY005.png,png
01_full_factorial/relative_precision/relative_precision_RA005_RY010.pdf,pdf
01_full_factorial/relative_precision/relative_precision_RA005_RY010.png,png
01_full_factorial/relative_precision/relative_precision_RA010_RY000.pdf,pdf
01_full_factorial/relative_precision/relative_precision_RA010_RY000.png,png
01_full_factorial/relative_precision/relative_precision_RA010_RY002.pdf,pdf
01_full_factorial/relative_precision/relative_precision_RA010_RY002.png,png
01_full_factorial/relative_precision/relative_precision_RA010_RY005.pdf,pdf
01_full_factorial/relative_precision/relative_precision_RA010_RY005.png,png
01_full_factorial/relative_precision/relative_precision_RA010_RY010.pdf,pdf
01_full_factorial/relative_precision/relative_precision_RA010_RY010.png,png
01_full_factorial/se_ratio/se_ratio_RA001_RY000.pdf,pdf
01_full_factorial/se_ratio/se_ratio_RA001_RY000.png,png
01_full_factorial/se_ratio/se_ratio_RA001_RY002.pdf,pdf
01_full_factorial/se_ratio/se_ratio_RA001_RY002.png,png
01_full_factorial/se_ratio/se_ratio_RA001_RY005.pdf,pdf
01_full_factorial/se_ratio/se_ratio_RA001_RY005.png,png
01_full_factorial/se_ratio/se_ratio_RA001_RY010.pdf,pdf
01_full_factorial/se_ratio/se_ratio_RA001_RY010.png,png
01_full_factorial/se_ratio/se_ratio_RA005_RY000.pdf,pdf
01_full_factorial/se_ratio/se_ratio_RA005_RY000.png,png
01_full_factorial/se_ratio/se_ratio_RA005_RY002.pdf,pdf
01_full_factorial/se_ratio/se_ratio_RA005_RY002.png,png
01_full_factorial/se_ratio/se_ratio_RA005_RY005.pdf,pdf
01_full_factorial/se_ratio/se_ratio_RA005_RY005.png,png
01_full_factorial/se_ratio/se_ratio_RA005_RY010.pdf,pdf
01_full_factorial/se_ratio/se_ratio_RA005_RY010.png,png
01_full_factorial/se_ratio/se_ratio_RA010_RY000.pdf,pdf
01_full_factorial/se_ratio/se_ratio_RA010_RY000.png,png
01_full_factorial/se_ratio/se_ratio_RA010_RY002.pdf,pdf
01_full_factorial/se_ratio/se_ratio_RA010_RY002.png,png
01_full_factorial/se_ratio/se_ratio_RA010_RY005.pdf,pdf
01_full_factorial/se_ratio/se_ratio_RA010_RY005.png,png
01_full_factorial/se_ratio/se_ratio_RA010_RY010.pdf,pdf
01_full_factorial/se_ratio/se_ratio_RA010_RY010.png,png
01_full_factorial/type1_error/type1_RA001_RY000.pdf,pdf
01_full_factorial/type1_error/type1_RA001_RY000.png,png
01_full_factorial/type1_error/type1_RA001_RY002.pdf,pdf
01_full_factorial/type1_error/type1_RA001_RY002.png,png
01_full_factorial/type1_error/type1_RA001_RY005.pdf,pdf
01_full_factorial/type1_error/type1_RA001_RY005.png,png
01_full_factorial/type1_error/type1_RA001_RY010.pdf,pdf
01_full_factorial/type1_error/type1_RA001_RY010.png,png
01_full_factorial/type1_error/type1_RA005_RY000.pdf,pdf
01_full_factorial/type1_error/type1_RA005_RY000.png,png
01_full_factorial/type1_error/type1_RA005_RY002.pdf,pdf
01_full_factorial/type1_error/type1_RA005_RY002.png,png
01_full_factorial/type1_error/type1_RA005_RY005.pdf,pdf
01_full_factorial/type1_error/type1_RA005_RY005.png,png
01_full_factorial/type1_error/type1_RA005_RY010.pdf,pdf
01_full_factorial/type1_error/type1_RA005_RY010.png,png
01_full_factorial/type1_error/type1_RA010_RY000.pdf,pdf
01_full_factorial/type1_error/type1_RA010_RY000.png,png
01_full_factorial/type1_error/type1_RA010_RY002.pdf,pdf
01_full_factorial/type1_error/type1_RA010_RY002.png,png
01_full_factorial/type1_error/type1_RA010_RY005.pdf,pdf
01_full_factorial/type1_error/type1_RA010_RY005.png,png
01_full_factorial/type1_error/type1_RA010_RY010.pdf,pdf
01_full_factorial/type1_error/type1_RA010_RY010.png,png
02_manuscript_candidates/MIDUS_like/bias_eliminated_coverage_MIDUS_like.pdf,pdf
02_manuscript_candidates/MIDUS_like/bias_eliminated_coverage_MIDUS_like.png,png
02_manuscript_candidates/MIDUS_like/bias_MIDUS_like.pdf,pdf
02_manuscript_candidates/MIDUS_like/bias_MIDUS_like.png,png
02_manuscript_candidates/MIDUS_like/coverage_MIDUS_like.pdf,pdf
02_manuscript_candidates/MIDUS_like/coverage_MIDUS_like.png,png
02_manuscript_candidates/MIDUS_like/empirical_se_MIDUS_like.pdf,pdf
02_manuscript_candidates/MIDUS_like/empirical_se_MIDUS_like.png,png
02_manuscript_candidates/MIDUS_like/mean_estimate_MIDUS_like.pdf,pdf
02_manuscript_candidates/MIDUS_like/mean_estimate_MIDUS_like.png,png
02_manuscript_candidates/MIDUS_like/model_se_MIDUS_like.pdf,pdf
02_manuscript_candidates/MIDUS_like/model_se_MIDUS_like.png,png
02_manuscript_candidates/MIDUS_like/mse_MIDUS_like.pdf,pdf
02_manuscript_candidates/MIDUS_like/mse_MIDUS_like.png,png
02_manuscript_candidates/MIDUS_like/power_MIDUS_like.pdf,pdf
02_manuscript_candidates/MIDUS_like/power_MIDUS_like.png,png
02_manuscript_candidates/MIDUS_like/relative_error_MIDUS_like.pdf,pdf
02_manuscript_candidates/MIDUS_like/relative_error_MIDUS_like.png,png
02_manuscript_candidates/MIDUS_like/relative_precision_MIDUS_like.pdf,pdf
02_manuscript_candidates/MIDUS_like/relative_precision_MIDUS_like.png,png
02_manuscript_candidates/MIDUS_like/se_ratio_MIDUS_like.pdf,pdf
02_manuscript_candidates/MIDUS_like/se_ratio_MIDUS_like.png,png
02_manuscript_candidates/MIDUS_like/type1_MIDUS_like.pdf,pdf
02_manuscript_candidates/MIDUS_like/type1_MIDUS_like.png,png
02_manuscript_candidates/runtime_candidate.pdf,pdf
02_manuscript_candidates/runtime_candidate.png,png
02_manuscript_candidates/strong_auxiliary_information/bias_eliminated_coverage_strong_auxiliary_information.pdf,pdf
02_manuscript_candidates/strong_auxiliary_information/bias_eliminated_coverage_strong_auxiliary_information.png,png
02_manuscript_candidates/strong_auxiliary_information/bias_strong_auxiliary_information.pdf,pdf
02_manuscript_candidates/strong_auxiliary_information/bias_strong_auxiliary_information.png,png
02_manuscript_candidates/strong_auxiliary_information/coverage_strong_auxiliary_information.pdf,pdf
02_manuscript_candidates/strong_auxiliary_information/coverage_strong_auxiliary_information.png,png
02_manuscript_candidates/strong_auxiliary_information/empirical_se_strong_auxiliary_information.pdf,pdf
02_manuscript_candidates/strong_auxiliary_information/empirical_se_strong_auxiliary_information.png,png
02_manuscript_candidates/strong_auxiliary_information/mean_estimate_strong_auxiliary_information.pdf,pdf
02_manuscript_candidates/strong_auxiliary_information/mean_estimate_strong_auxiliary_information.png,png
02_manuscript_candidates/strong_auxiliary_information/model_se_strong_auxiliary_information.pdf,pdf
02_manuscript_candidates/strong_auxiliary_information/model_se_strong_auxiliary_information.png,png
02_manuscript_candidates/strong_auxiliary_information/mse_strong_auxiliary_information.pdf,pdf
02_manuscript_candidates/strong_auxiliary_information/mse_strong_auxiliary_information.png,png
02_manuscript_candidates/strong_auxiliary_information/power_strong_auxiliary_information.pdf,pdf
02_manuscript_candidates/strong_auxiliary_information/power_strong_auxiliary_information.png,png
02_manuscript_candidates/strong_auxiliary_information/relative_error_strong_auxiliary_information.pdf,pdf
02_manuscript_candidates/strong_auxiliary_information/relative_error_strong_auxiliary_information.png,png
02_manuscript_candidates/strong_auxiliary_information/relative_precision_strong_auxiliary_information.pdf,pdf
02_manuscript_candidates/strong_auxiliary_information/relative_precision_strong_auxiliary_information.png,png
02_manuscript_candidates/strong_auxiliary_information/se_ratio_strong_auxiliary_information.pdf,pdf
02_manuscript_candidates/strong_auxiliary_information/se_ratio_strong_auxiliary_information.png,png
02_manuscript_candidates/strong_auxiliary_information/type1_strong_auxiliary_information.pdf,pdf
02_manuscript_candidates/strong_auxiliary_information/type1_strong_auxiliary_information.png,png
02_manuscript_candidates/weak_auxiliary_information/bias_eliminated_coverage_weak_auxiliary_information.pdf,pdf
02_manuscript_candidates/weak_auxiliary_information/bias_eliminated_coverage_weak_auxiliary_information.png,png
02_manuscript_candidates/weak_auxiliary_information/bias_weak_auxiliary_information.pdf,pdf
02_manuscript_candidates/weak_auxiliary_information/bias_weak_auxiliary_information.png,png
02_manuscript_candidates/weak_auxiliary_information/coverage_weak_auxiliary_information.pdf,pdf
02_manuscript_candidates/weak_auxiliary_information/coverage_weak_auxiliary_information.png,png
02_manuscript_candidates/weak_auxiliary_information/empirical_se_weak_auxiliary_information.pdf,pdf
02_manuscript_candidates/weak_auxiliary_information/empirical_se_weak_auxiliary_information.png,png
02_manuscript_candidates/weak_auxiliary_information/mean_estimate_weak_auxiliary_information.pdf,pdf
02_manuscript_candidates/weak_auxiliary_information/mean_estimate_weak_auxiliary_information.png,png
02_manuscript_candidates/weak_auxiliary_information/model_se_weak_auxiliary_information.pdf,pdf
02_manuscript_candidates/weak_auxiliary_information/model_se_weak_auxiliary_information.png,png
02_manuscript_candidates/weak_auxiliary_information/mse_weak_auxiliary_information.pdf,pdf
02_manuscript_candidates/weak_auxiliary_information/mse_weak_auxiliary_information.png,png
02_manuscript_candidates/weak_auxiliary_information/power_weak_auxiliary_information.pdf,pdf
02_manuscript_candidates/weak_auxiliary_information/power_weak_auxiliary_information.png,png
02_manuscript_candidates/weak_auxiliary_information/relative_error_weak_auxiliary_information.pdf,pdf
02_manuscript_candidates/weak_auxiliary_information/relative_error_weak_auxiliary_information.png,png
02_manuscript_candidates/weak_auxiliary_information/relative_precision_weak_auxiliary_information.pdf,pdf
02_manuscript_candidates/weak_auxiliary_information/relative_precision_weak_auxiliary_information.png,png
02_manuscript_candidates/weak_auxiliary_information/se_ratio_weak_auxiliary_information.pdf,pdf
02_manuscript_candidates/weak_auxiliary_information/se_ratio_weak_auxiliary_information.png,png
02_manuscript_candidates/weak_auxiliary_information/type1_weak_auxiliary_information.pdf,pdf
02_manuscript_candidates/weak_auxiliary_information/type1_weak_auxiliary_information.png,png
04_diagnostics/runtime_by_method_and_N.pdf,pdf
04_diagnostics/runtime_by_method_and_N.png,png
