method,N,median_seconds,p95_seconds,N_plot,runtime_label
AIPW,500,0.01745199999999186,0.02045580000001779,N = 500,0.017 s
AIPW,800,0.01808250000000106,0.02320092500002894,N = 800,0.018 s
AIPW,1500,0.03598850000002477,0.0427117250000565,"N = 1,500",0.036 s
CCA,500,0.00279150000000398,0.00332482499999281,N = 500,0.003 s
CCA,800,0.00257500000002382,0.00304787500001199,N = 800,0.003 s
CCA,1500,0.00370749999999348,0.0046712500000406,"N = 1,500",0.004 s
FCS-MI,500,4.393302000000009,5.068275600000004,N = 500,4.4 s
FCS-MI,800,4.92961075,5.6796722500000225,N = 800,4.9 s
FCS-MI,1500,6.348564750000003,6.946757900000065,"N = 1,500",6.3 s
IPW,500,0.00685100000002381,0.00806094999998861,N = 500,0.007 s
IPW,800,0.00660224999999056,0.0077233249999899,N = 800,0.007 s
IPW,1500,0.01172824999997956,0.01638237499995067,"N = 1,500",0.012 s
JM-MI,500,212.914784,237.044682175,N = 500,3.5 min
JM-MI,800,325.06458325000006,432.042189475,N = 800,5.4 min
JM-MI,1500,597.3697572500001,738.2620462,"N = 1,500",10 min
Naive,500,0.0021264999999979,0.00254747500000023,N = 500,0.002 s
Naive,800,0.00198900000000059,0.00230377500001253,N = 800,0.002 s
Naive,1500,0.00388549999996901,0.00583344999998425,"N = 1,500",0.004 s
