setting_id,setting,N,phase2_fraction,r2_a_marker,r2_y_marker,theta_true,stat,est,mcse,method,lower,upper
1,MIDUS-like,800,0.65,0.05,0.05,0.15,nsim,2000,NA,Both correct,NA,NA
1,MIDUS-like,800,0.65,0.05,0.05,0.15,thetamean,0.14852993795849134,NA,Both correct,NA,NA
1,MIDUS-like,800,0.65,0.05,0.05,0.15,bias,-0.0014700620415086432,7.8874657697612e-4,Both correct,-0.0030159769253110874,7.585284229380106e-5
1,MIDUS-like,800,0.65,0.05,0.05,0.15,empse,0.03527381926277749,5.578675375395968e-4,Both correct,0.03418041898105584,0.036367219544499146
1,MIDUS-like,800,0.65,0.05,0.05,0.15,mse,0.0012457812866262857,3.959544762828192e-5,Both correct,0.0011681756353231112,0.0013233869379294602
1,MIDUS-like,800,0.65,0.05,0.05,0.15,modelse,0.03387076009197758,3.97353605748189e-5,Both correct,0.03379288021633822,0.033948639967616934
1,MIDUS-like,800,0.65,0.05,0.05,0.15,relerror,-3.9776219307232297,1.5227990765407844,Both correct,-6.962253276434019,-0.9929905850124396
1,MIDUS-like,800,0.65,0.05,0.05,0.15,cover,0.9315,0.0056483515294287415,Both correct,0.9204294344302979,0.9425705655697021
1,MIDUS-like,800,0.65,0.05,0.05,0.15,becover,0.932,0.0056292095359828254,Both correct,0.9209669520480442,0.9430330479519559
1,MIDUS-like,800,0.65,0.05,0.05,0.15,nsim,2000,NA,Selection correct only,NA,NA
1,MIDUS-like,800,0.65,0.05,0.05,0.15,thetamean,0.14860042959710223,NA,Selection correct only,NA,NA
1,MIDUS-like,800,0.65,0.05,0.05,0.15,bias,-0.0013995704028977615,7.888971373294534e-4,Selection correct only,-0.002945780379570239,1.4663957377471573e-4
1,MIDUS-like,800,0.65,0.05,0.05,0.15,empse,0.03528055252647289,5.579740264119634e-4,Selection correct only,0.03418694353039664,0.036374161522549145
1,MIDUS-like,800,0.65,0.05,0.05,0.15,mse,0.0012460538251925937,3.984041818077103e-5,Selection correct only,0.0011679680404292677,0.0013241396099559198
1,MIDUS-like,800,0.65,0.05,0.05,0.15,modelse,0.03392450108260468,3.9781213684121664e-5,Selection correct only,0.03384653133652251,0.034002470828686855
1,MIDUS-like,800,0.65,0.05,0.05,0.15,relerror,-3.8436230352421275,1.524920533213511,Selection correct only,-6.832412359626224,-0.8548337108580313
1,MIDUS-like,800,0.65,0.05,0.05,0.15,cover,0.9315,0.0056483515294287415,Selection correct only,0.9204294344302979,0.9425705655697021
1,MIDUS-like,800,0.65,0.05,0.05,0.15,becover,0.9325,0.005609979946488223,Selection correct only,0.9215046413508912,0.9434953586491088
1,MIDUS-like,800,0.65,0.05,0.05,0.15,nsim,2000,NA,Augmentation correct only,NA,NA
1,MIDUS-like,800,0.65,0.05,0.05,0.15,thetamean,0.1485476217675136,NA,Augmentation correct only,NA,NA
1,MIDUS-like,800,0.65,0.05,0.05,0.15,bias,-0.0014523782324864032,7.88152084600062e-4,Augmentation correct only,-0.00299712793264269,9.237146766988367e-5
1,MIDUS-like,800,0.65,0.05,0.05,0.15,empse,0.03524723275547807,5.574470628172988e-4,Augmentation correct only,0.03415465658906853,0.036339808921887616
1,MIDUS-like,800,0.65,0.05,0.05,0.15,mse,0.0012438556357405874,3.954909251177231e-5,Augmentation correct only,0.001166340838796271,0.0013213704326849038
1,MIDUS-like,800,0.65,0.05,0.05,0.15,modelse,0.03387138578452772,3.973683113006801e-5,Augmentation correct only,0.033793503026653036,0.0339492685424024
1,MIDUS-like,800,0.65,0.05,0.05,0.15,relerror,-3.9034184059073995,1.523976009505163,Augmentation correct only,-6.89035649784059,-0.9164803139742093
1,MIDUS-like,800,0.65,0.05,0.05,0.15,cover,0.931,0.0056674068144081545,Augmentation correct only,0.9198920867580231,0.942107913241977
1,MIDUS-like,800,0.65,0.05,0.05,0.15,becover,0.933,0.0055906618570612885,Augmentation correct only,0.9220425041104181,0.943957495889582
1,MIDUS-like,800,0.65,0.05,0.05,0.15,nsim,2000,NA,Both misspecified,NA,NA
1,MIDUS-like,800,0.65,0.05,0.05,0.15,thetamean,0.14865585883804905,NA,Both misspecified,NA,NA
1,MIDUS-like,800,0.65,0.05,0.05,0.15,bias,-0.001344141161950939,7.881790682415491e-4,Both misspecified,-0.0028889437490727124,2.0066142517083429e-4
1,MIDUS-like,800,0.65,0.05,0.05,0.15,empse,0.03524843950061099,5.57466147905044e-4,Both misspecified,0.03415582592811683,0.03634105307310515
1,MIDUS-like,800,0.65,0.05,0.05,0.15,mse,0.0012436379764478697,3.977937414582498e-5,Both misspecified,0.001165671835794509,0.0013216041171012305
1,MIDUS-like,800,0.65,0.05,0.05,0.15,modelse,0.033917931596131386,3.974434413998841e-5,Both misspecified,0.03384003411302784,0.03399582907923493
1,MIDUS-like,800,0.65,0.05,0.05,0.15,relerror,-3.77465761131508,1.526008122981327,Both misspecified,-6.76557857247405,-0.78373665015611
1,MIDUS-like,800,0.65,0.05,0.05,0.15,cover,0.9305,0.005686376262612245,Both misspecified,0.9193549073227365,0.9416450926772635
1,MIDUS-like,800,0.65,0.05,0.05,0.15,becover,0.9325,0.005609979946488223,Both misspecified,0.9215046413508912,0.9434953586491088
2,Stress,500,0.25,0.1,0.1,0.15,nsim,2000,NA,Both correct,NA,NA
2,Stress,500,0.25,0.1,0.1,0.15,thetamean,0.14900435030800274,NA,Both correct,NA,NA
2,Stress,500,0.25,0.1,0.1,0.15,bias,-9.956496919972435e-4,0.0013698399306703447,Both correct,-0.0036804866206959627,0.0016891872367014759
2,Stress,500,0.25,0.1,0.1,0.15,empse,0.06126110406544979,9.688653507394095e-4,Both correct,0.05936216287213178,0.0631600452587678
2,Stress,500,0.25,0.1,0.1,0.15,mse,0.0037520377281913845,1.1958982733233081e-4,Both correct,0.0035176459737026526,0.003986429482680117
2,Stress,500,0.25,0.1,0.1,0.15,modelse,0.058213631325929056,1.481468581025974e-4,Both correct,0.0579232688196252,0.05850399383223291
2,Stress,500,0.25,0.1,0.1,0.15,relerror,-4.974563854195136,1.5221920820496693,Both correct,-7.958005512564526,-1.9911221958257457
2,Stress,500,0.25,0.1,0.1,0.15,cover,0.934,0.005551756478809205,Both correct,0.9231187572505971,0.944881242749403
2,Stress,500,0.25,0.1,0.1,0.15,becover,0.934,0.005551756478809205,Both correct,0.9231187572505971,0.944881242749403
2,Stress,500,0.25,0.1,0.1,0.15,nsim,2000,NA,Selection correct only,NA,NA
2,Stress,500,0.25,0.1,0.1,0.15,thetamean,0.1495965185782783,NA,Selection correct only,NA,NA
2,Stress,500,0.25,0.1,0.1,0.15,bias,-4.0348142172170657e-4,0.0013482759449848299,Selection correct only,-0.0030460537151136796,0.002239090871670267
2,Stress,500,0.25,0.1,0.1,0.15,empse,0.06029673330827692,9.536134967915458e-4,Selection correct only,0.05842768519939419,0.06216578141715966
2,Stress,500,0.25,0.1,0.1,0.15,mse,0.003634040996883322,1.1697171874574626e-4,Selection correct only,0.0034047806409319105,0.003863301352834733
2,Stress,500,0.25,0.1,0.1,0.15,modelse,0.05949582593285467,1.5901668975287032e-4,Selection correct only,0.059184158947998264,0.05980749291771108
2,Stress,500,0.25,0.1,0.1,0.15,relerror,-1.3282765607341984,1.5826544122139594,Selection correct only,-4.430222208646967,1.77366908717857
2,Stress,500,0.25,0.1,0.1,0.15,cover,0.9465,0.005031786462082825,Selection correct only,0.9366378797564214,0.9563621202435786
2,Stress,500,0.25,0.1,0.1,0.15,becover,0.9465,0.005031786462082825,Selection correct only,0.9366378797564214,0.9563621202435786
2,Stress,500,0.25,0.1,0.1,0.15,nsim,2000,NA,Augmentation correct only,NA,NA
2,Stress,500,0.25,0.1,0.1,0.15,thetamean,0.14909416553498556,NA,Augmentation correct only,NA,NA
2,Stress,500,0.25,0.1,0.1,0.15,bias,-9.058344650144328e-4,0.001366108777104272,Augmentation correct only,-0.0035833584671028616,0.0017716895370739963
2,Stress,500,0.25,0.1,0.1,0.15,empse,0.06109424180528521,9.662263669227481e-4,Augmentation correct only,0.05920047292520364,0.06298801068536677
2,Stress,500,0.25,0.1,0.1,0.15,mse,0.003731460664649785,1.1837616562276846e-4,Augmentation correct only,0.0034994476434012105,0.003963473685898359
2,Stress,500,0.25,0.1,0.1,0.15,modelse,0.05824342049599087,1.4876196081025232e-4,Augmentation correct only,0.05795185241053322,0.058534988581448524
2,Stress,500,0.25,0.1,0.1,0.15,relerror,-4.666268415901209,1.5272710861724725,Augmentation correct only,-7.659664739428624,-1.6728720923737943
2,Stress,500,0.25,0.1,0.1,0.15,cover,0.9380000000000001,0.005392402062161164,Augmentation correct only,0.9274310861680046,0.9485689138319955
2,Stress,500,0.25,0.1,0.1,0.15,becover,0.9390000000000001,0.005351588549206672,Augmentation correct only,0.928511079183478,0.9494889208165221
2,Stress,500,0.25,0.1,0.1,0.15,nsim,2000,NA,Both misspecified,NA,NA
2,Stress,500,0.25,0.1,0.1,0.15,thetamean,0.14978646901149198,NA,Both misspecified,NA,NA
2,Stress,500,0.25,0.1,0.1,0.15,bias,-2.1353098850800933e-4,0.0013416989070191838,Both misspecified,-0.0028432125243623638,0.002416150547346345
2,Stress,500,0.25,0.1,0.1,0.15,empse,0.06000259922864129,9.489616655426978e-4,Both misspecified,0.05814266854146846,0.06186252991581412
2,Stress,500,0.25,0.1,0.1,0.15,mse,0.0035985573537189014,1.1572659564675812e-4,Both misspecified,0.003371737394197826,0.003825377313239977
2,Stress,500,0.25,0.1,0.1,0.15,modelse,0.05924848224582967,1.5374874289167712e-4,Both misspecified,0.058947140247093674,0.05954982424456566
2,Stress,500,0.25,0.1,0.1,0.15,relerror,-1.2568071925318502,1.5825394839947615,Both misspecified,-4.358527585274183,1.8449132002104829
2,Stress,500,0.25,0.1,0.1,0.15,cover,0.9460000000000001,0.005053909377897468,Both misspecified,0.9360945196381918,0.9559054803618083
2,Stress,500,0.25,0.1,0.1,0.15,becover,0.9470000000000001,0.005009540897128196,Both misspecified,0.9371814802625483,0.9568185197374518
