sensitivity_scenario_id,primary_scenario_id,scenario_label,scenario_key,N,phase2_fraction,r2_a_marker,r2_y_marker,theta_true,method,n_pairs,mean_delta_estimate,mcse_mean_delta_estimate,mean_delta_model_se,mean_delta_absolute_error,mean_delta_squared_error,mean_delta_coverage,mean_delta_null_rejection
1,60,MIDUS-like null,midus_null,800,0.65,0.05,0.05,0,AIPW,2000,-6.457413269607572e-5,1.0050678556673139e-4,-1.5165624699399922e-5,9.688030386277528e-5,-8.148029660107022e-7,0.003,-0.003
1,60,MIDUS-like null,midus_null,800,0.65,0.05,0.05,0,CCA,2000,3.1445105649255444e-4,2.803318277115594e-4,-2.3508494918877588e-5,2.7845225726359027e-5,-2.0399365573008687e-6,-0.0035,0.0035
1,60,MIDUS-like null,midus_null,800,0.65,0.05,0.05,0,FCS-MI,2000,-1.1370564471663583e-4,1.1367930609154102e-4,9.778757517455896e-6,1.823291192603405e-4,-1.3993303683787173e-6,0.002,-0.002
1,60,MIDUS-like null,midus_null,800,0.65,0.05,0.05,0,IPW,2000,-1.6694048878612502e-4,2.9211696951481265e-4,-1.5451419986801902e-4,-7.382726644701469e-5,-1.8963860080238998e-5,0,0
1,60,MIDUS-like null,midus_null,800,0.65,0.05,0.05,0,JM-MI,2000,-6.203791885151025e-5,1.1120050937708442e-4,2.6790382317754728e-5,6.133563657391223e-5,-3.1765911995985822e-6,0.001,-0.001
1,60,MIDUS-like null,midus_null,800,0.65,0.05,0.05,0,Naive,2000,0,0,0,0,0,0,0
2,168,MIDUS-like alternative,midus_alternative,800,0.65,0.05,0.05,0.15,AIPW,2000,-1.3513580636663803e-5,1.003494709815254e-4,-1.9774442558212933e-5,2.4022965005295993e-5,-5.832185905900397e-7,0.003,NA
2,168,MIDUS-like alternative,midus_alternative,800,0.65,0.05,0.05,0.15,CCA,2000,7.705588271499715e-4,2.7833797912092586e-4,-3.490480816050433e-5,1.70617193075446e-4,9.438809659203472e-6,0.0025,NA
2,168,MIDUS-like alternative,midus_alternative,800,0.65,0.05,0.05,0.15,FCS-MI,2000,1.851841900552254e-6,1.1192302265750103e-4,-1.280445695479697e-5,3.8488329695712444e-5,3.6189919292044452e-06,-0.0025,NA
2,168,MIDUS-like alternative,midus_alternative,800,0.65,0.05,0.05,0.15,IPW,2000,4.428652860847053e-4,2.86932293012258e-4,-1.340826890880549e-4,-2.2896413240674033e-5,-8.921206853696882e-6,-0.004,NA
2,168,MIDUS-like alternative,midus_alternative,800,0.65,0.05,0.05,0.15,JM-MI,2000,1.3597161607488772e-4,1.1489758587679189e-4,2.5008167855544973e-5,6.485087195066317e-5,1.2333952964165456e-6,0.0035,NA
2,168,MIDUS-like alternative,midus_alternative,800,0.65,0.05,0.05,0.15,Naive,2000,0,0,0,0,0,0,NA
3,100,Stress null,stress_null,500,0.25,0.1,0.1,0,AIPW,2000,3.6560703213779514e-4,4.940887654001514e-4,-6.342958275052952e-4,-4.759880441032323e-5,1.8617008323001476e-5,-0.004,0.004
3,100,Stress null,stress_null,500,0.25,0.1,0.1,0,CCA,2000,-8.91537618061023e-4,8.463031452725981e-4,8.51632463601822e-5,0.0021500568338580386,4.089281819727859e-4,-0.003,0.003
3,100,Stress null,stress_null,500,0.25,0.1,0.1,0,FCS-MI,2000,-5.960786546236322e-5,5.002964395439386e-4,1.7307581367344274e-4,6.357405450180303e-4,1.1436933690442365e-4,0.001,-0.001
3,100,Stress null,stress_null,500,0.25,0.1,0.1,0,IPW,2000,-5.171672621022276e-4,8.858818998978479e-4,-3.912880367663797e-4,1.9168159160290663e-4,7.848210303982779e-6,0,0
3,100,Stress null,stress_null,500,0.25,0.1,0.1,0,JM-MI,2000,4.0032039460207396e-4,5.098618654253655e-4,1.62589605095855e-5,7.995374619410732e-4,1.1069674713114201e-4,-0.003,0.003
3,100,Stress null,stress_null,500,0.25,0.1,0.1,0,Naive,2000,0,0,0,0,0,0,0
4,208,Stress alternative,stress_alternative,500,0.25,0.1,0.1,0.15,AIPW,2000,-2.893715440201859e-4,4.8579481608539984e-4,-5.027550941040437e-4,-4.01967111522252e-4,-6.80510263256524e-5,0.0015,NA
4,208,Stress alternative,stress_alternative,500,0.25,0.1,0.1,0.15,CCA,2000,-4.616042120618405e-4,8.568274892922429e-4,5.678534421188084e-5,5.460454135953818e-4,5.292361893698828e-5,0.009,NA
4,208,Stress alternative,stress_alternative,500,0.25,0.1,0.1,0.15,FCS-MI,2000,-4.616770215206279e-4,4.7428029188781865e-4,-4.3015954273868185e-5,-2.3280327687423094e-4,-3.2339163397927116e-5,-5e-4,NA
4,208,Stress alternative,stress_alternative,500,0.25,0.1,0.1,0.15,IPW,2000,-4.6109003290454854e-4,9.058636021213629e-4,-1.6461583226712854e-4,-7.943009734410847e-5,-1.2938074365228495e-4,0.0125,NA
4,208,Stress alternative,stress_alternative,500,0.25,0.1,0.1,0.15,JM-MI,2000,-7.138977337992908e-4,4.929530842611135e-4,1.1562024767156276e-4,4.608883428871762e-5,-2.5239665414090016e-5,0.0045,NA
4,208,Stress alternative,stress_alternative,500,0.25,0.1,0.1,0.15,Naive,2000,0,0,0,0,0,0,NA
