sensitivity_scenario_id,primary_scenario_id,scenario_label,scenario_key,N,phase2_fraction,r2_a_marker,r2_y_marker,theta_true,method,mcar_est__thetamean,mcar_est__bias,mcar_est__empse,mcar_est__modelse,mcar_se_ratio,mcar_est__cover,mcar_est__becover,mcar_est__mse,primary_est__thetamean,primary_est__bias,primary_est__empse,primary_est__modelse,primary_se_ratio,primary_est__cover,primary_est__becover,primary_est__mse,delta_mean_estimate,delta_bias,delta_absolute_bias,delta_empirical_se,delta_model_se,delta_se_ratio,delta_coverage,delta_bias_eliminated_coverage,delta_mse
1,60,MIDUS-like null,midus_null,800,0.65,0.05,0.05,0,CCA,-0.001603659582901051,-0.001603659582901051,0.042789642712320504,0.04219141173516265,0.9860192574829422,0.9450000000000001,0.9460000000000001,0.0018326097707441495,-0.0019181106393936,-0.0019181106393936,0.04280054324570611,0.04221363229258808,0.986287301314174,0.9485,0.951,0.00183464970730145,3.14451056492549e-4,3.14451056492549e-4,-3.14451056492549e-4,-1.0900533385607702e-5,-2.222055742542861e-5,-2.680438312318012e-4,-0.0034999999999999476,-0.004999999999999893,-2.0399365573005833e-6
1,60,MIDUS-like null,midus_null,800,0.65,0.05,0.05,0,AIPW,-0.0013695860865638601,-0.0013695860865638604,0.03608069417558375,0.03462027622141363,0.9595235627379252,0.9465,0.9450000000000001,0.0013030413499944167,-0.00130501195386778,-0.00130501195386778,0.03609438320584235,0.03463542999381958,0.9595794945794608,0.9435,0.944,0.00130385615296042,-6.457413269608022e-5,-6.457413269608044e-5,6.457413269608044e-5,-1.3689030258598467e-5,-1.5153772405948618e-5,-5.5931841535628024e-5,0.0030000000000000027,0.001000000000000112,-8.1480296600339e-7
1,60,MIDUS-like null,midus_null,800,0.65,0.05,0.05,0,FCS-MI,-9.94527068620728e-4,-9.945270686207278e-4,0.03594053448690194,0.035087581936898496,0.9762676720816634,0.9505,0.9525,0.0012920652422848044,-8.808214239040921e-4,-8.808214239040921e-4,0.03596297254078644,0.03507819603527423,0.975397570250658,0.9485,0.9485,0.00129346457265318,-1.1370564471663595e-4,-1.1370564471663573e-4,1.1370564471663573e-4,-2.2438053884500653e-5,9.385901624268944e-6,8.701018310054431e-4,0.0020000000000000018,0.0040000000000000036,-1.3993303683754697e-6
1,60,MIDUS-like null,midus_null,800,0.65,0.05,0.05,0,IPW,-0.0016481625600595212,-0.0016481625600595212,0.043066105266351705,0.04151026944981437,0.9638733104162791,0.9420000000000001,0.9385,0.001856478517925462,-0.00148122207127339,-0.00148122207127339,0.04329186357627986,0.04166906786373377,0.962514995232609,0.942,0.9425,0.0018754423780057,-1.6694048878613111e-4,-1.6694048878613111e-4,1.6694048878613111e-4,-2.257583099281521e-4,-1.5879841391940042e-4,0.0013583151836701335,1.1102230246251565e-16,-0.0040000000000000036,-1.896386008023803e-5
1,60,MIDUS-like null,midus_null,800,0.65,0.05,0.05,0,JM-MI,-0.0012614156141473652,-0.0012614156141473654,0.03596056651844548,0.0351022807834055,0.9761325858256505,0.9510000000000001,0.9495,0.0012941069325069934,-0.00119937769529585,-0.00119937769529585,0.0360068502299543,0.03507557391564235,0.974136134975305,0.95,0.9515,0.00129728352370659,-6.20379188515153e-5,-6.203791885151552e-5,6.203791885151552e-5,-4.628371150881827e-5,2.67068677631474e-5,0.001996450850345499,0.001000000000000112,-0.0020000000000000018,-3.176591199596573e-6
1,60,MIDUS-like null,midus_null,800,0.65,0.05,0.05,0,Naive,0.009818568443325735,0.009818568443325735,0.03469400033288044,0.033697373008910715,0.9712737846772546,0.9315,0.9410000000000001,0.0012994761085446311,0.00981856844332573,0.00981856844332573,0.03469400033288044,0.03369737300891071,0.9712737846772546,0.9315,0.941,0.00129947610854463,5.204170427930421e-18,5.204170427930421e-18,5.204170427930421e-18,0,6.938893903907228e-18,0,0,1.1102230246251565e-16,1.0842021724855044e-18
2,168,MIDUS-like alternative,midus_alternative,800,0.65,0.05,0.05,0.15,CCA,0.14879760459476177,-0.001202395405238232,0.04248516436578632,0.041278727642968346,0.9716033410526352,0.9470000000000001,0.9455,0.001805532451302824,0.1480270457676118,-0.0019729542323882,0.04234498367057841,0.04131293352366575,0.9756275700814656,0.9445,0.9445,0.00179609364164362,7.705588271499642e-4,7.705588271499681e-4,-7.705588271499681e-4,1.4018069520790877e-4,-3.420588069740632e-5,-0.004024229028830373,0.0025000000000000577,0.0010000000000000009,9.4388096592039e-6
2,168,MIDUS-like alternative,midus_alternative,800,0.65,0.05,0.05,0.15,AIPW,0.1485164243778547,-0.0014835756221453068,0.035264980942139985,0.033851215834431056,0.9599102262375095,0.9345,0.934,0.0012451980680356957,0.14852993795849134,-0.00147006204150864,0.03527381926277749,0.03387076009197758,0.9602237806927676,0.9315,0.932,0.00124578128662628,-1.3513580636642653e-5,-1.3513580636666939e-5,1.3513580636666939e-5,-8.838320637506725e-6,-1.9544257546522115e-5,-3.1355445525804715e-4,0.0030000000000000027,0.0020000000000000018,-5.83218590584399e-7
2,168,MIDUS-like alternative,midus_alternative,800,0.65,0.05,0.05,0.15,FCS-MI,0.14888432753811467,-0.0011156724618853243,0.035194937446505814,0.034269544018136186,0.9737066323877924,0.9420000000000001,0.9410000000000001,0.0012393090050947346,0.14888247569621413,-0.00111752430378587,0.03514340168419879,0.03428294131299735,0.975515734676637,0.9445,0.943,0.00123569001316553,1.851841900546436e-6,1.8518419005457854e-6,-1.8518419005457854e-6,5.153576230702145e-5,-1.339729486116159e-5,-0.0018091022888445663,-0.0024999999999999467,-0.0019999999999998908,3.6189919292045104e-6
2,168,MIDUS-like alternative,midus_alternative,800,0.65,0.05,0.05,0.15,IPW,0.14878442192326843,-0.0012155780767315564,0.04260184224949139,0.04062556671236405,0.953610561591361,0.935,0.9385,0.0018154871346296546,0.14834155663718374,-0.00165844336281626,0.04269155878732384,0.04076365318763211,0.9548410586435608,0.939,0.939,0.00182440834148335,4.428652860846982e-4,4.4286528608470364e-4,-4.4286528608470364e-4,-8.971653783245576e-5,-1.3808647526805662e-4,-0.001230497052199797,-0.0039999999999998925,-4.999999999999449e-4,-8.921206853695473e-6
2,168,MIDUS-like alternative,midus_alternative,800,0.65,0.05,0.05,0.15,JM-MI,0.14872811349638906,-0.0012718865036109332,0.03527204213459465,0.034281368206970725,0.9719133379393342,0.9420000000000001,0.9425,0.001245112593144516,0.14859214188031417,-0.00140785811968582,0.03524937435698985,0.03425670751490373,0.9718387386955346,0.9385,0.9415,0.00124387919784809,1.3597161607489805e-4,1.3597161607488677e-4,-1.3597161607488677e-4,2.2667777604803985e-5,2.4660692066996726e-5,7.459924379960015e-5,0.0035000000000000586,0.0010000000000000009,1.2333952964260243e-6
2,168,MIDUS-like alternative,midus_alternative,800,0.65,0.05,0.05,0.15,Naive,0.15922476821157702,0.009224768211577023,0.03344248340824218,0.03294812280734484,0.9852175870176106,0.9375,0.9415,0.00120293684521962,0.15922476821157702,0.00922476821157702,0.03344248340824218,0.03294812280734484,0.9852175870176106,0.9375,0.9415,0.00120293684521962,0,3.469446951953614e-18,3.469446951953614e-18,0,0,0,0,0,0
3,100,Stress null,stress_null,500,0.25,0.1,0.1,0,CCA,0.0018036006883734425,0.0018036006883734427,0.09145093237560395,0.09046073189040484,0.9891723303472489,0.9510000000000001,0.9500000000000001,0.008362344371294204,0.00269513830643446,0.00269513830643446,0.08916348738453367,0.09038212887224388,1.0136674946601694,0.954,0.956,0.00795341618932142,-8.915376180610175e-4,-8.915376180610173e-4,-8.915376180610173e-4,0.002287444991070281,7.860301816095538e-5,-0.024495164312920426,-0.0029999999999998916,-0.005999999999999894,4.089281819727852e-4
3,100,Stress null,stress_null,500,0.25,0.1,0.1,0,AIPW,3.428815508581703e-4,3.428815508581703e-4,0.05974353067506255,0.05886373800370192,0.9852738420140298,0.9460000000000001,0.9445,0.0035676223805512983,-2.272548127962482e-5,-2.272548127962481e-5,0.059588423757503,0.05955376936289301,0.9994184374678038,0.95,0.95,0.00354900537222829,3.6560703213779514e-4,3.656070321377951e-4,3.201560695785455e-4,1.5510691755955125e-4,-6.900313591910873e-4,-0.014144595453774,-0.0039999999999998925,-0.005499999999999949,1.8617008323008367e-5
3,100,Stress null,stress_null,500,0.25,0.1,0.1,0,FCS-MI,0.0035988938567994805,0.0035988938567994805,0.0561137102353122,0.06024571589303173,1.0736362938824044,0.9685,0.97,0.0031601261391269032,0.00365850172226184,0.00365850172226184,0.05508075082936552,0.06003200315216169,1.0898907921232708,0.9675,0.971,0.00304575680222248,-5.960786546235948e-5,-5.960786546235948e-5,-5.960786546235948e-5,0.001032959405946679,2.1371274087003678e-4,-0.016254498240866333,0.0010000000000000009,-0.0010000000000000009,1.1436933690442321e-4
3,100,Stress null,stress_null,500,0.25,0.1,0.1,0,IPW,0.001275235807977703,0.001275235807977703,0.09292101588873351,0.0832774986834211,0.8962181255437429,0.9155,0.9165,0.008631624262563318,0.00179240307007993,0.00179240307007993,0.0928702093320802,0.08373299203987353,0.9016130429992432,0.9155,0.917,0.00862377605225933,-5.171672621022271e-4,-5.171672621022271e-4,-5.171672621022271e-4,5.0806556653307244e-5,-4.554933564524244e-4,-0.005394917455500248,0,-5.00000000000056e-4,7.848210303987302e-6
3,100,Stress null,stress_null,500,0.25,0.1,0.1,0,JM-MI,0.002198220146227699,0.002198220146227699,0.05674845281642041,0.06002811082705979,1.0577929062004383,0.9605,0.962,0.0032236088754202465,0.00179789975162562,0.00179789975162562,0.05577844836873306,0.06000606836525923,1.0757930727756848,0.9635,0.966,0.0031129121282891,4.003203946020791e-4,4.003203946020791e-4,4.003203946020791e-4,9.70004447687349e-4,2.2042461800562962e-5,-0.0180001665752465,-0.0030000000000000027,-0.0040000000000000036,1.1069674713114642e-4
3,100,Stress null,stress_null,500,0.25,0.1,0.1,0,Naive,0.021645532219216796,0.021645532219216796,0.04161388030850486,0.04245109026365815,1.020118526533614,0.927,0.9485,0.002199378241866556,0.02164553221921679,0.02164553221921679,0.04161388030850486,0.04245109026365815,1.020118526533614,0.927,0.9485,0.00219937824186655,6.938893903907228e-18,6.938893903907228e-18,6.938893903907228e-18,0,0,0,0,0,6.071532165918825e-18
4,208,Stress alternative,stress_alternative,500,0.25,0.1,0.1,0.15,CCA,0.15133941523930294,0.0013394152393029473,0.09043512615826078,0.0882080930419973,0.9753742465912394,0.9515,0.9505,0.00817621682042219,0.1518010194513648,0.00180101945136478,0.090133853718867,0.08815609340372002,0.97805751963834,0.9425,0.943,0.0081232932014852,-4.6160421206184465e-4,-4.6160421206183273e-4,-4.6160421206183273e-4,3.0127243939379045e-4,5.199963827727527e-5,-0.0026832730471005872,0.009000000000000008,0.007500000000000062,5.292361893699006e-5
4,208,Stress alternative,stress_alternative,500,0.25,0.1,0.1,0.15,AIPW,0.14871497876398257,-0.0012850212360174297,0.06069742590130357,0.05769776237300218,0.9505800537047655,0.9355,0.9355,0.0036839867018657324,0.14900435030800274,-9.956496919972435e-4,0.06126110406544979,0.05821363132592905,0.9502543614580486,0.934,0.934,0.00375203772819138,-2.8937154402017273e-4,-2.893715440201862e-4,2.893715440201862e-4,-5.636781641462155e-4,-5.15868952926872e-4,3.256922467168577e-4,0.0014999999999999458,0.0014999999999999458,-6.805102632564779e-5
4,208,Stress alternative,stress_alternative,500,0.25,0.1,0.1,0.15,FCS-MI,0.15204365955983046,0.002043659559830464,0.056603340905323554,0.05883992787480662,1.0395133385010622,0.9580000000000001,0.9565,0.003206512776939939,0.1525053365813511,0.00250533658135109,0.05686995977767672,0.05885676554317229,1.0349359446228314,0.9585,0.9585,0.00323885194033786,-4.6167702152064005e-4,-4.616770215206262e-4,-4.616770215206262e-4,-2.666188723531651e-4,-1.683766836566708e-5,0.004577393878230751,-4.999999999999449e-4,-0.0020000000000000018,-3.2339163397921214e-5
4,208,Stress alternative,stress_alternative,500,0.25,0.1,0.1,0.15,IPW,0.15115421687749125,0.0011542168774912663,0.092109438203031,0.08169607939866835,0.886945800479109,0.9195,0.9205,0.008481238748375234,0.15161530691039582,0.00161530691039581,0.09280256695711418,0.08188430829338099,0.8823496049545836,0.907,0.907,0.00861061949202752,-4.610900329045653e-4,-4.610900329045436e-4,-4.610900329045436e-4,-6.93128754083186e-4,-1.8822889471263593e-4,0.004596195524525393,0.012499999999999956,0.013499999999999956,-1.293807436522857e-4
4,208,Stress alternative,stress_alternative,500,0.25,0.1,0.1,0.15,JM-MI,0.1505080110146246,5.08011014624614e-4,0.05728524422520137,0.05895708414230704,1.0291844774290093,0.961,0.9615,0.0032802164815289763,0.1512219087484239,0.0012219087484239,0.05749448576951133,0.05883711741558798,1.0233523550668686,0.9565,0.9545,0.00330545614694306,-7.138977337992902e-4,-7.13897733799286e-4,-7.13897733799286e-4,-2.0924154430995712e-4,1.1996672671905906e-4,0.0058321223621407015,0.0044999999999999485,0.007000000000000006,-2.5239665414083894e-5
4,208,Stress alternative,stress_alternative,500,0.25,0.1,0.1,0.15,Naive,0.17059060599119916,0.020590605991199166,0.04141586331083293,0.04154681079047646,1.0031617710986909,0.9245,0.9495,0.002138389151999514,0.17059060599119916,0.02059060599119916,0.04141586331083293,0.04154681079047646,1.0031617710986909,0.9245,0.9495,0.00213838915199951,0,6.938893903907228e-18,6.938893903907228e-18,0,0,0,0,0,4.336808689942018e-18
