sensitivity_scenario_id,primary_scenario_id,scenario_label,scenario_key,N,phase2_fraction,r2_a_marker,r2_y_marker,theta_true,selection,marker_error,method,est__nsim,est__thetamean,est__bias,est__empse,est__mse,est__relprec,est__modelse,est__relerror,est__cover,est__becover,est__power,mcse__nsim,mcse__thetamean,mcse__bias,mcse__empse,mcse__mse,mcse__relprec,mcse__modelse,mcse__relerror,mcse__cover,mcse__becover,mcse__power,se_ratio,mcse_se_ratio
1,60,MIDUS-like null,midus_null,800,0.65,0.05,0.05,0,mcar,mvn,CCA,2000,-0.001603659582901051,-0.001603659582901051,0.042789642712320504,0.0018326097707441495,0,0.04219141173516265,-1.3980742517057831,0.9450000000000001,0.9460000000000001,0.0555,NA,NA,9.568054983767713e-4,6.767328605471165e-4,5.898051693690897e-5,0,4.360858908511162e-5,1.5627499101138502,0.005097793640389926,0.005053909377897468,0.005119558086397693,0.9860192574829422,0.015627499101138503
1,60,MIDUS-like null,midus_null,800,0.65,0.05,0.05,0,mcar,mvn,AIPW,2000,-0.0013695860865638601,-0.0013695860865638604,0.03608069417558375,0.0013030413499944167,40.64605375870425,0.03462027622141363,-4.047643726207484,0.9465,0.9450000000000001,0.0535,NA,NA,8.067888485198601e-4,5.706285407458671e-4,4.097233114434859e-5,3.4571028581168783,3.947846987315773e-5,1.5214589102136467,0.005031786462082825,0.005097793640389926,0.005031786462082826,0.9595235627379252,0.015214589102136467
1,60,MIDUS-like null,midus_null,800,0.65,0.05,0.05,0,mcar,mvn,FCS-MI,2000,-9.94527068620728e-4,-9.945270686207278e-4,0.03594053448690194,0.0012920652422848044,41.74516623755231,0.035087581936898496,-2.373232791833657,0.9505,0.9525,0.0495,NA,NA,8.036547826038825e-4,5.684118672463306e-4,4.045445343261887e-5,3.443320571084504,3.0439860876000285e-5,1.546321972608459,0.004850244839180801,0.00475624589355933,0.004850244839180801,0.9762676720816634,0.015463219726084589
1,60,MIDUS-like null,midus_null,800,0.65,0.05,0.05,0,mcar,mvn,IPW,2000,-0.0016481625600595212,-0.0016481625600595212,0.043066105266351705,0.001856478517925462,-1.279777577447394,0.04151026944981437,-3.6126689583720895,0.9420000000000001,0.9385,0.058,NA,NA,9.629873890172411e-4,6.811052105637205e-4,5.985779933857756e-5,0.31916294137113804,5.866015915790496e-5,1.530471933891565,0.005226662414964255,0.005372045699731156,0.0052266624149642565,0.9638733104162791,0.01530471933891565
1,60,MIDUS-like null,midus_null,800,0.65,0.05,0.05,0,mcar,mvn,JM-MI,2000,-0.0012614156141473652,-0.0012614156141473654,0.03596056651844548,0.0012941069325069934,41.58729037228177,0.0351022807834055,-2.3867414174349455,0.9510000000000001,0.9495,0.049,NA,NA,8.041027124464704e-4,5.687286806887838e-4,4.060665322948464e-5,3.428529525273677,3.040994719472284e-5,1.5461015139875247,0.004826955562256604,0.0048964145045124596,0.0048269555622566076,0.9761325858256505,0.015461015139875247
1,60,MIDUS-like null,midus_null,800,0.65,0.05,0.05,0,mcar,mvn,Naive,2000,0.009818568443325735,0.009818568443325735,0.03469400033288044,0.0012994761085446311,52.1137818052984,0.033697373008910715,-2.872621532274544,0.9315,0.9410000000000001,0.0685,NA,NA,7.7578143155721e-4,5.486975024994206e-4,4.178549304091367e-5,4.416460663663084,2.6068715322917756e-5,1.537939395109704,0.0056483515294287415,0.005268728499363008,0.0056483515294287415,0.9712737846772546,0.01537939395109704
2,168,MIDUS-like alternative,midus_alternative,800,0.65,0.05,0.05,0.15,mcar,mvn,CCA,2000,0.14879760459476177,-0.001202395405238232,0.04248516436578632,0.001805532451302824,4.440892098500626e-14,0.041278727642968346,-2.839665894736476,0.9470000000000001,0.9455,0.9490000000000001,NA,NA,9.499971555714995e-4,6.719174311730029e-4,5.621864135156268e-5,6.665668500104317e-8,4.4113231693456e-5,1.5401280268917132,0.005009540897128196,0.005075911248239078,0.004919298730510272,0.9716033410526352,0.015401280268917133
2,168,MIDUS-like alternative,midus_alternative,800,0.65,0.05,0.05,0.15,mcar,mvn,AIPW,2000,0.1485164243778547,-0.0014835756221453068,0.035264980942139985,0.0012451980680356957,45.140060108682235,0.033851215834431056,-4.008977376249046,0.9345,0.934,0.989,NA,NA,7.885489461185959e-4,5.577277564704332e-4,3.9468054052728665e-5,3.487686196349416,3.986213092212039e-5,1.5223332777833194,0.005532167296819575,0.005551756478809205,0.0023322735688593665,0.9599102262375095,0.015223332777833195
2,168,MIDUS-like alternative,midus_alternative,800,0.65,0.05,0.05,0.15,mcar,mvn,FCS-MI,2000,0.14888432753811467,-0.0011156724618853243,0.035194937446505814,0.0012393090050947346,45.7183383495845,0.034269544018136186,-2.6293367612207574,0.9420000000000001,0.9410000000000001,0.99,NA,NA,7.869827259423987e-4,5.566199945879162e-4,3.938070496410138e-5,3.4575663615841443,3.0432502997630932e-5,1.542376096977996,0.005226662414964255,0.005268728499363008,0.0022248595461287,0.9737066323877924,0.015423760969779961
2,168,MIDUS-like alternative,midus_alternative,800,0.65,0.05,0.05,0.15,mcar,mvn,IPW,2000,0.14878442192326843,-0.0012155780767315564,0.04260184224949139,0.0018154871346296546,-0.5470097015338071,0.04062556671236405,-4.638943840863896,0.935,0.9385,0.9510000000000001,NA,NA,9.52606152365853e-4,6.737627318812412e-4,5.666974209164199e-5,0.3413739929211896,5.9069672193334604e-5,1.5145280813374016,0.005512485827646179,0.005372045699731156,0.004826955562256604,0.953610561591361,0.015145280813374016
2,168,MIDUS-like alternative,midus_alternative,800,0.65,0.05,0.05,0.15,mcar,mvn,JM-MI,2000,0.14872811349638906,-0.0012718865036109332,0.03527204213459465,0.001245112593144516,45.08195407055426,0.034281368206970725,-2.808666206066579,0.9420000000000001,0.9425,0.9905,NA,NA,7.887068391819044e-4,5.578394316484861e-4,3.95262626070249e-5,3.4358077912523712,3.066631577192056e-5,1.5395710962456457,0.005226662414964255,0.005205465877325487,0.0021690723823791537,0.9719133379393342,0.015395710962456456
2,168,MIDUS-like alternative,midus_alternative,800,0.65,0.05,0.05,0.15,mcar,mvn,Naive,2000,0.15922476821157702,0.009224768211577023,0.03344248340824218,0.00120293684521962,61.39035058928486,0.03294812280734484,-1.478241298238936,0.9375,0.9415,0.9965,NA,NA,7.477966623723836e-4,5.289043335279554e-4,3.872557281192693e-5,4.4641830026499765,2.644720268404172e-5,1.5601609610248917,0.005412658773652742,0.0052477495176503994,0.0013205585939290896,0.9852175870176106,0.015601609610248916
3,100,Stress null,stress_null,500,0.25,0.1,0.1,0,mcar,mvn,CCA,2000,0.0018036006883734425,0.0018036006883734427,0.09145093237560395,0.008362344371294204,0,0.09046073189040484,-1.082766965275106,0.9510000000000001,0.9500000000000001,0.051500000000000004,NA,NA,0.002044905013975868,0.0014463278294311133,2.6993720851548763e-4,0,2.1705202499384285e-4,1.5823115840670392,0.004826955562256604,0.0048733971724044785,0.004942051699446294,0.9891723303472489,0.015823115840670393
3,100,Stress null,stress_null,500,0.25,0.1,0.1,0,mcar,mvn,AIPW,2000,3.428815508581703e-4,3.428815508581703e-4,0.05974353067506255,0.0035676223805512983,134.31198651434698,0.05886373800370192,-1.4726157985970212,0.9460000000000001,0.9445,0.054,NA,NA,0.0013359059580528377,9.448644076029706e-4,1.2176627648742246e-4,7.490159550720046,1.5907829267895916e-4,1.5808302932810823,0.005053909377897468,0.005119558086397692,0.005053909377897471,0.9852738420140298,0.01580830293281082
3,100,Stress null,stress_null,500,0.25,0.1,0.1,0,mcar,mvn,FCS-MI,2000,0.0035988938567994805,0.0035988938567994805,0.0561137102353122,0.0031601261391269032,165.60625896679872,0.06024571589303173,7.363629388240445,0.9685,0.97,0.035,NA,NA,0.001254740705558838,8.874575536598464e-4,1.0716026700874412e-4,7.844983965733876,1.7647591207350518e-4,1.7268720726390236,0.0039056209493497944,0.003814446224552132,0.004109440351191388,1.0736362938824044,0.017268720726390237
3,100,Stress null,stress_null,500,0.25,0.1,0.1,0,mcar,mvn,IPW,2000,0.001275235807977703,0.001275235807977703,0.09292101588873351,0.008631624262563318,-3.1391274854291273,0.0832774986834211,-10.37818744562571,0.9155,0.9165,0.0845,NA,NA,0.0020777770806554617,0.0014695777038872249,2.8048964081655615e-4,0.8576739513895175,2.637517988313116e-4,1.4455413873834801,0.006219314672855845,0.006185780063985464,0.006219314672855845,0.8962181255437429,0.014455413873834802
3,100,Stress null,stress_null,500,0.25,0.1,0.1,0,mcar,mvn,JM-MI,2000,0.002198220146227699,0.002198220146227699,0.05674845281642041,0.0032236088754202465,159.69777233937043,0.06002811082705979,5.779290620043831,0.9605,0.962,0.042,NA,NA,0.0012689339811545544,8.974962250624646e-4,1.0899369131317651e-4,7.670889796536802,1.6748424745277e-4,1.698769641667527,0.004355441998236229,0.004275277768753747,0.004485309353879618,1.0577929062004383,0.01698769641667527
3,100,Stress null,stress_null,500,0.25,0.1,0.1,0,mcar,mvn,Naive,2000,0.021645532219216796,0.021645532219216796,0.04161388030850486,0.002199378241866556,382.9474172464114,0.04245109026365815,2.01185265336139,0.927,0.9485,0.073,NA,NA,9.30514651773568e-4,6.581377752782971e-4,6.959989595043626e-5,19.53332344162554,4.291634242578477e-5,1.6166452128988857,0.005816829033072915,0.004942051699446293,0.005816829033072916,1.020118526533614,0.01616645212898886
4,208,Stress alternative,stress_alternative,500,0.25,0.1,0.1,0.15,mcar,mvn,CCA,2000,0.15133941523930294,0.0013394152393029473,0.09043512615826078,0.00817621682042219,0,0.0882080930419973,-2.462575340876061,0.9515,0.9505,0.4195,NA,NA,0.0020221908964364052,0.0014302625060572806,2.542306369406302e-4,0,2.0751961508482257e-4,1.5595616766575482,0.004803527349771207,0.004850244839180801,0.011034485715247448,0.9753742465912394,0.015595616766575482
4,208,Stress alternative,stress_alternative,500,0.25,0.1,0.1,0.15,mcar,mvn,AIPW,2000,0.14871497876398257,-0.0012850212360174297,0.06069742590130357,0.0036839867018657324,121.99017334923252,0.05769776237300218,-4.94199462952345,0.9355,0.9355,0.7315,NA,NA,0.0013572357037457124,9.59950587439907e-4,1.1582396277829741e-4,7.040303608464597,1.4526246528723442e-4,1.5223046079531695,0.005492711079239468,0.005492711079239468,0.009909786829190626,0.9505800537047655,0.015223046079531694
4,208,Stress alternative,stress_alternative,500,0.25,0.1,0.1,0.15,mcar,mvn,FCS-MI,2000,0.15204365955983046,0.002043659559830464,0.056603340905323554,0.003206512776939939,155.26435057527942,0.05883992787480662,3.95133385010622,0.9580000000000001,0.9565,0.751,NA,NA,0.0012656891801789796,8.9520123046865e-4,1.0184077439923448e-4,7.638715993766151,1.638090393148089e-4,1.6693030493320011,0.004485309353879615,0.004561126505590477,0.009669513948487793,1.0395133385010622,0.01669303049332001
4,208,Stress alternative,stress_alternative,500,0.25,0.1,0.1,0.15,mcar,mvn,IPW,2000,0.15115421687749125,0.0011542168774912663,0.092109438203031,0.008481238748375234,-3.6024423546575646,0.08169607939866835,-11.305419952089101,0.9195,0.9205,0.482,NA,NA,0.0020596296519129337,0.0014567423247162851,2.6840736359796697e-4,0.8671862120112153,2.5781468066381013e-4,1.4303881277988952,0.006083574196144895,0.006048956521582876,0.011173092678394824,0.886945800479109,0.014303881277988952
4,208,Stress alternative,stress_alternative,500,0.25,0.1,0.1,0.15,mcar,mvn,JM-MI,2000,0.1505080110146246,5.08011014624614e-4,0.05728524422520137,0.0032802164815289763,149.22336732816933,0.05895708414230704,2.9184477429009315,0.961,0.9615,0.732,NA,NA,0.0012809370019522754,9.059857651136336e-4,1.004653577336239e-4,7.37051073627703,1.5981381709683726e-4,1.65142535626102,0.004328914413568374,0.004302194207610808,0.0099039386104721,1.0291844774290093,0.0165142535626102
4,208,Stress alternative,stress_alternative,500,0.25,0.1,0.1,0.15,mcar,mvn,Naive,2000,0.17059060599119916,0.020590605991199166,0.04141586331083293,0.002138389151999514,376.8050651151578,0.04154681079047646,0.31617710986908687,0.9245,0.9495,0.9855,NA,NA,9.260868570986195e-4,6.550060686133828e-4,6.893180750680251e-5,19.512812226733306,4.065720645964193e-5,1.589568931712898,0.005907611615534657,0.0048964145045124596,0.00267298989897081,1.0031617710986909,0.01589568931712898
