sensitivity_scenario_id,primary_scenario_id,scenario_label,scenario_key,N,phase2_fraction,r2_a_marker,r2_y_marker,theta_true,selection,marker_error,method,mean_runtime_seconds,median_runtime_seconds,p95_runtime_seconds,total_cpu_hours
1,60,MIDUS-like null,midus_null,800,0.65,0.05,0.05,0,mcar,mvn,AIPW,0.034673000000003555,0.016999999999939064,0.15799999999996145,0.019262777777779752
1,60,MIDUS-like null,midus_null,800,0.65,0.05,0.05,0,mcar,mvn,CCA,0.003642000000001316,0.0029999999997016857,0.007000000000005002,0.0020233333333340643
1,60,MIDUS-like null,midus_null,800,0.65,0.05,0.05,0,mcar,mvn,FCS-MI,5.224248499999998,5.017500000000041,7.082250000000317,2.9023602777777766
1,60,MIDUS-like null,midus_null,800,0.65,0.05,0.05,0,mcar,mvn,IPW,0.011878499999998411,0.005999999999858119,0.05305000000005004,0.006599166666665783
1,60,MIDUS-like null,midus_null,800,0.65,0.05,0.05,0,mcar,mvn,JM-MI,311.6661955,305.71299999999997,380.71970000000005,173.1478863888889
1,60,MIDUS-like null,midus_null,800,0.65,0.05,0.05,0,mcar,mvn,Naive,0.0035165000000001146,0.0019999999999527063,0.012999999999977963,0.001953611111111175
2,168,MIDUS-like alternative,midus_alternative,800,0.65,0.05,0.05,0.15,mcar,mvn,AIPW,0.03711649999999655,0.017000000000280124,0.15399999999999636,0.02062027777777586
2,168,MIDUS-like alternative,midus_alternative,800,0.65,0.05,0.05,0.15,mcar,mvn,CCA,0.003595000000001236,0.0029999999999290594,0.007999999999981355,0.001997222222222909
2,168,MIDUS-like alternative,midus_alternative,800,0.65,0.05,0.05,0.15,mcar,mvn,FCS-MI,5.441031499999999,5.4360000000000746,6.737100000000078,3.022795277777777
2,168,MIDUS-like alternative,midus_alternative,800,0.65,0.05,0.05,0.15,mcar,mvn,IPW,0.01208599999999673,0.005999999999971806,0.055050000000005594,0.006714444444442628
2,168,MIDUS-like alternative,midus_alternative,800,0.65,0.05,0.05,0.15,mcar,mvn,JM-MI,317.906289,316.94900000000007,368.30720000000025,176.61460499999998
2,168,MIDUS-like alternative,midus_alternative,800,0.65,0.05,0.05,0.15,mcar,mvn,Naive,0.003481500000002715,0.0019999999999527063,0.0129999999999999,0.0019341666666681748
3,100,Stress null,stress_null,500,0.25,0.1,0.1,0,mcar,mvn,AIPW,0.02922850000000159,0.014000000000010004,0.14300000000000068,0.01623805555555644
3,100,Stress null,stress_null,500,0.25,0.1,0.1,0,mcar,mvn,CCA,0.0032530000000024492,0.0029999999999290594,0.007000000000005002,0.0018072222222235829
3,100,Stress null,stress_null,500,0.25,0.1,0.1,0,mcar,mvn,FCS-MI,4.502505999999996,4.5639999999999645,5.401199999999955,2.50139222222222
3,100,Stress null,stress_null,500,0.25,0.1,0.1,0,mcar,mvn,IPW,0.011441999999998727,0.005000000000109139,0.055050000000005594,0.00635666666666596
3,100,Stress null,stress_null,500,0.25,0.1,0.1,0,mcar,mvn,JM-MI,214.49398300000001,228.1094999999998,244.81140000000013,119.1633238888889
3,100,Stress null,stress_null,500,0.25,0.1,0.1,0,mcar,mvn,Naive,0.0037265000000006434,0.0019999999999527063,0.01305000000000025,0.002070277777778135
4,208,Stress alternative,stress_alternative,500,0.25,0.1,0.1,0.15,mcar,mvn,AIPW,0.028748999999997166,0.013000000000147338,0.1419999999999959,0.015971666666665094
4,208,Stress alternative,stress_alternative,500,0.25,0.1,0.1,0.15,mcar,mvn,CCA,0.003022499999999924,0.0029999999999290594,0.007000000000005002,0.0016791666666666246
4,208,Stress alternative,stress_alternative,500,0.25,0.1,0.1,0.15,mcar,mvn,FCS-MI,4.323511999999999,4.263999999999939,5.294049999999987,2.4019511111111105
4,208,Stress alternative,stress_alternative,500,0.25,0.1,0.1,0.15,mcar,mvn,IPW,0.011116999999999806,0.005000000000109139,0.05500000000000682,0.006176111111111003
4,208,Stress alternative,stress_alternative,500,0.25,0.1,0.1,0.15,mcar,mvn,JM-MI,205.18751,205.281,235.5911999999999,113.99306111111112
4,208,Stress alternative,stress_alternative,500,0.25,0.1,0.1,0.15,mcar,mvn,Naive,0.0034110000000016536,0.0019999999999527063,0.01399999999999979,0.0018950000000009185
