Scenario,N,Phase2_fraction,Theta,Method,Sensitivity_bias,Primary_bias,Delta_bias,Sensitivity_SE_ratio,Primary_SE_ratio,Delta_SE_ratio,Sensitivity_coverage_pct,Primary_coverage_pct,Delta_coverage_pp,Sensitivity_MSE,Primary_MSE,Sensitivity_TypeI_pct,Primary_TypeI_pct,Delta_TypeI_pp
MIDUS-like null,800,0.65,0,CCA,-0.0003,-0.0019,0.0017,0.996,0.986,0.010,94.7,94.8,-0.1,0.00180,0.00183,5.3,5.1,0.2
MIDUS-like null,800,0.65,0,AIPW,-0.0005,-0.0013,0.0008,0.980,0.960,0.021,94.5,94.3,0.2,0.00125,0.00130,5.5,5.7,-0.2
MIDUS-like null,800,0.65,0,FCS-MI,-0.0002,-0.0009,0.0007,0.994,0.975,0.019,94.8,94.8,0.0,0.00125,0.00129,5.1,5.1,0.0
MIDUS-like null,800,0.65,0,IPW,0.0002,-0.0015,0.0016,0.978,0.963,0.015,94.3,94.2,0.1,0.00182,0.00188,5.8,5.8,-0.1
MIDUS-like null,800,0.65,0,JM-MI,-0.0005,-0.0012,0.0007,0.994,0.974,0.020,94.8,95.0,-0.2,0.00124,0.00130,5.2,5.0,0.2
MIDUS-like null,800,0.65,0,Naive,0.0107,0.0098,0.0009,1.001,0.971,0.029,93.6,93.2,0.5,0.00125,0.00130,6.4,6.9,-0.5
MIDUS-like alternative,800,0.65,0.15,CCA,-0.0012,-0.0020,0.0008,1.013,0.976,0.038,95.7,94.5,1.3,0.00167,0.00180,,,
MIDUS-like alternative,800,0.65,0.15,AIPW,-0.0010,-0.0015,0.0005,1.003,0.960,0.043,95.3,93.2,2.2,0.00115,0.00125,,,
MIDUS-like alternative,800,0.65,0.15,FCS-MI,-0.0007,-0.0011,0.0004,1.017,0.976,0.041,95.2,94.5,0.7,0.00114,0.00124,,,
MIDUS-like alternative,800,0.65,0.15,IPW,-0.0006,-0.0017,0.0010,0.992,0.955,0.037,94.5,93.9,0.6,0.00170,0.00182,,,
MIDUS-like alternative,800,0.65,0.15,JM-MI,-0.0010,-0.0014,0.0004,1.016,0.972,0.044,95.4,93.8,1.6,0.00114,0.00124,,,
MIDUS-like alternative,800,0.65,0.15,Naive,0.0097,0.0092,0.0005,1.010,0.985,0.025,93.5,93.8,-0.3,0.00116,0.00120,,,
Stress null,500,0.25,0,CCA,-0.0053,0.0027,-0.0079,1.006,1.014,-0.008,95.2,95.4,-0.2,0.00808,0.00795,4.8,4.6,0.2
Stress null,500,0.25,0,AIPW,-0.0022,-0.0000,-0.0022,0.968,0.999,-0.032,94.0,95.0,-1.0,0.00372,0.00355,6.0,5.0,1.0
Stress null,500,0.25,0,FCS-MI,0.0007,0.0037,-0.0030,1.039,1.090,-0.051,96.4,96.8,-0.4,0.00331,0.00305,3.6,3.3,0.3
Stress null,500,0.25,0,IPW,-0.0051,0.0018,-0.0069,0.906,0.902,0.004,91.9,91.5,0.4,0.00858,0.00862,8.1,8.5,-0.4
Stress null,500,0.25,0,JM-MI,-0.0012,0.0018,-0.0030,1.032,1.076,-0.043,96.0,96.4,-0.3,0.00336,0.00311,4.0,3.6,0.3
Stress null,500,0.25,0,Naive,0.0194,0.0216,-0.0022,1.006,1.020,-0.014,92.6,92.7,-0.1,0.00215,0.00220,7.4,7.3,0.1
Stress alternative,500,0.25,0.15,CCA,-0.0020,0.0018,-0.0038,0.996,0.978,0.018,94.9,94.3,0.7,0.00787,0.00812,,,
Stress alternative,500,0.25,0.15,AIPW,-0.0012,-0.0010,-0.0002,0.993,0.950,0.043,94.3,93.4,0.9,0.00343,0.00375,,,
Stress alternative,500,0.25,0.15,FCS-MI,0.0020,0.0025,-0.0005,1.062,1.035,0.027,96.0,95.9,0.1,0.00303,0.00324,,,
Stress alternative,500,0.25,0.15,IPW,-0.0019,0.0016,-0.0035,0.897,0.882,0.015,91.6,90.7,0.9,0.00843,0.00861,,,
Stress alternative,500,0.25,0.15,JM-MI,0.0006,0.0012,-0.0006,1.060,1.023,0.036,96.3,95.7,0.6,0.00307,0.00331,,,
Stress alternative,500,0.25,0.15,Naive,0.0218,0.0206,0.0012,1.013,1.003,0.009,92.1,92.5,-0.3,0.00215,0.00214,,,
