sensitivity_scenario_id,primary_scenario_id,scenario_label,scenario_key,N,phase2_fraction,r2_a_marker,r2_y_marker,theta_true,marker_error,method,est__nsim,est__thetamean,est__bias,est__empse,est__mse,est__relprec,est__modelse,est__relerror,est__cover,est__becover,est__power,mcse__nsim,mcse__thetamean,mcse__bias,mcse__empse,mcse__mse,mcse__relprec,mcse__modelse,mcse__relerror,mcse__cover,mcse__becover,mcse__power,se_ratio,mcse_se_ratio
1,60,MIDUS-like null,midus_null,800,0.65,0.05,0.05,0,empirical,CCA,2000,-2.617004673453151e-4,-2.61700467345315e-4,0.04244395569957155,0.0018006571178740877,0,0.042288090771342296,-0.36722526366888,0.9470000000000001,0.9475,0.0535,NA,NA,9.490757017823162e-4,6.712657019974558e-4,5.6660470802340435e-5,0,4.426617079416577e-5,1.579174146328872,0.005009540897128196,0.004987171041783106,0.005031786462082826,0.9963277473633112,0.01579174146328872
1,60,MIDUS-like null,midus_null,800,0.65,0.05,0.05,0,empirical,AIPW,2000,-5.496834406319918e-4,-5.496834406319918e-4,0.03535879407281026,0.0012499213480091653,44.09098678413961,0.03466267063825987,-1.968742013986513,0.9450000000000001,0.9445,0.055,NA,NA,7.90646671492204e-4,5.592114432752566e-4,3.901283108259914e-5,3.5164792258532906,4.020878336087307e-5,1.5545627021837765,0.005097793640389926,0.005119558086397692,0.005097793640389928,0.9803125798601349,0.015545627021837765
1,60,MIDUS-like null,midus_null,800,0.65,0.05,0.05,0,empirical,FCS-MI,2000,-1.6514483674502008e-4,-1.6514483674502008e-4,0.03529714197144216,0.0012452925600535717,44.594782268074184,0.0350886776586971,-0.5905982782224095,0.9485,0.9475,0.0525,NA,NA,7.892680885960563e-4,5.58236394168208e-4,3.891800478466758e-5,3.4836036355955318,3.0626444019618255e-5,1.5745862254983138,0.004942051699446293,0.004987171041783106,0.004987171041783107,0.9940940172177759,0.015745862254983138
1,60,MIDUS-like null,midus_null,800,0.65,0.05,0.05,0,empirical,IPW,2000,1.5696605464218138e-4,1.569660546421814e-4,0.0426967110668485,0.0018221222697002901,-1.1804526962954642,0.04173783254616977,-2.2457901246244694,0.9425,0.9425,0.0575,NA,NA,9.547274836114081e-4,6.752631147327277e-4,5.713124043350332e-5,0.5353715804414529,6.15068165840007e-5,1.552713225363291,0.005205465877325487,0.005205465877325487,0.005205465877325487,0.9775420987537553,0.015527132253632909
1,60,MIDUS-like null,midus_null,800,0.65,0.05,0.05,0,empirical,JM-MI,2000,-5.050720199347719e-4,-5.050720199347719e-4,0.035288723803817396,0.001244926478433578,44.663777015891505,0.035074142684095935,-0.6080727682712284,0.9480000000000001,0.9475,0.0525,NA,NA,7.890798526455064e-4,5.581032579628984e-4,3.858215846907491e-5,3.500513597921018,3.0286642895731318e-5,1.5742586315504181,0.004964675215963273,0.004987171041783106,0.004987171041783107,0.9939192723172877,0.01574258631550418
1,60,MIDUS-like null,midus_null,800,0.65,0.05,0.05,0,empirical,Naive,2000,0.010692710643998894,0.010692710643998894,0.0336979176922579,0.001249315942882078,58.64470255867482,0.03371956768417349,0.06424726926246294,0.936,0.9520000000000001,0.0645,NA,NA,7.53508346600815e-4,5.329441142493305e-4,3.860874877041499e-5,4.57310430993692,2.6326087697712914e-5,1.5844775017310537,0.00547284204047586,0.004779958158812687,0.005492711079239468,1.0006424726926246,0.015844775017310537
2,168,MIDUS-like alternative,midus_alternative,800,0.65,0.05,0.05,0.15,empirical,CCA,2000,0.14880720333272915,-0.0011927966672708392,0.04082975204778039,0.0016676578818465375,0,0.04137825036213584,1.3433789990044076,0.9570000000000001,0.9570000000000001,0.9530000000000001,NA,NA,9.129810108329819e-4,6.45736518168405e-4,5.1716240359431385e-5,0,4.263168118501866e-5,1.6061776679316329,0.004536022486716746,0.004536022486716746,0.004732388403332927,1.013433789990044,0.01606177667931633
2,168,MIDUS-like alternative,midus_alternative,800,0.65,0.05,0.05,0.15,empirical,AIPW,2000,0.14904675016223076,-9.532498377692309e-4,0.03385936353904276,0.001146791956272631,45.41054574212742,0.03395498439138377,0.2824059354534336,0.9535,0.9520000000000001,0.99,NA,NA,7.571183854817747e-4,5.354974356325613e-4,3.73730332374221e-5,3.6420418678907063,4.016142753795491e-5,1.5904297696345984,0.004708383480558906,0.004779958158812687,0.0022248595461287,1.0028240593545343,0.015904297696345982
2,168,MIDUS-like alternative,midus_alternative,800,0.65,0.05,0.05,0.15,empirical,FCS-MI,2000,0.14927680303816776,-7.231969618322323e-4,0.03378817826582783,0.0011415931838737018,46.02389596391385,0.03435502643225196,1.6776523491869533,0.9515,0.9525,0.99,NA,NA,7.555266343827199e-4,5.343716161463962e-4,3.721553771826011e-5,3.616609077147695,2.9957939347043076e-5,1.6105093869675646,0.004803527349771207,0.00475624589355933,0.0022248595461287,1.0167765234918695,0.016105093869675645
2,168,MIDUS-like alternative,midus_alternative,800,0.65,0.05,0.05,0.15,empirical,IPW,2000,0.14937207610105327,-6.279238989467249e-4,0.04119382139906959,0.0016964767444205826,-1.7597810728530616,0.040854161274436016,-0.8245414314517641,0.9450000000000001,0.9470000000000001,0.9490000000000001,NA,NA,9.21121849013051e-4,6.51494399700436e-4,5.30552486796126e-5,0.5477692887554442,6.004591561667476e-5,1.5752524351977217,0.005097793640389926,0.005009540897128196,0.004919298730510272,0.9917545856854824,0.01575252435197722
2,168,MIDUS-like alternative,midus_alternative,800,0.65,0.05,0.05,0.15,empirical,JM-MI,2000,0.14900212954932382,-9.978704506761658e-4,0.03381101211431649,0.0011436086933606917,45.826731701572655,0.03433771997032898,1.5577997317314018,0.9540000000000001,0.9540000000000001,0.9905,NA,NA,7.560372147568055e-4,5.347327412838254e-4,3.7429536245284455e-5,3.6041977360589343,2.9895293343651945e-5,1.6086032606567313,0.004684228858627636,0.004684228858627636,0.0021690723823791537,1.015577997317314,0.016086032606567314
2,168,MIDUS-like alternative,midus_alternative,800,0.65,0.05,0.05,0.15,empirical,Naive,2000,0.15972445771882518,0.009724457718825196,0.03263221045667847,0.00115889380663453,56.55267710171585,0.032966793123592866,1.0253141366521223,0.9345,0.9515,0.9975,NA,NA,7.296784083721251e-4,5.160895891744631e-4,3.802901870606037e-5,4.689794193237968,2.6166338102658382e-5,1.5997608131070962,0.005532167296819575,0.004803527349771207,0.001116635571706353,1.0102531413665212,0.015997608131070963
3,100,Stress null,stress_null,500,0.25,0.1,0.1,0,empirical,CCA,2000,-0.005253924642112769,-0.005253924642112769,0.08974880680792843,0.008078424623430138,0,0.09026948238868951,0.5801476356954494,0.9520000000000001,0.9470000000000001,0.051500000000000004,NA,NA,0.002006844329220239,0.0014194081303775903,2.462742233696438e-4,0,2.177308141233574e-4,1.609102723831366,0.004779958158812687,0.005009540897128196,0.004942051699446294,1.0058014763569545,0.01609102723831366
3,100,Stress null,stress_null,500,0.25,0.1,0.1,0,empirical,AIPW,2000,-0.002218775096066751,-0.002218775096066751,0.0609764466796811,0.003721190949082078,116.63725353710323,0.059008512163496986,-3.2273683091472716,0.9400000000000001,0.9415,0.06,NA,NA,0.0013634747980215828,9.643633966510748e-4,1.13542633634403e-4,7.107632408989147,1.6410806464033334e-4,1.553975425328607,0.005310367218940699,0.0052477495176503994,0.0053103672189407005,0.9677263169085273,0.01553975425328607
3,100,Stress null,stress_null,500,0.25,0.1,0.1,0,empirical,FCS-MI,2000,6.787882229865073e-4,6.787882229865073e-4,0.05754101303492778,0.0033097734504468506,143.2777327629142,0.05978509562522178,3.899970598244118,0.964,0.9645,0.041,NA,NA,0.0012866561664029998,9.100308364737421e-4,1.0018991069513691e-4,7.395493735408137,1.6997184208254924e-4,1.6695531685005862,0.0041655731898503495,0.0041376170678302255,0.004433903472111228,1.0389997059824412,0.01669553168500586
3,100,Stress null,stress_null,500,0.25,0.1,0.1,0,empirical,IPW,2000,-0.005089374638271642,-0.005089374638271642,0.09249581269112629,0.008577099361917908,-5.851539751609414,0.08377082128403816,-9.432850150983295,0.919,0.92,0.081,NA,NA,0.002068269248114462,0.0014628529696293325,2.6198071283767326e-4,1.1237272275382943,2.757012981843998e-4,1.4630355673076318,0.006100778638829636,0.006066300355241239,0.006100778638829638,0.905671498490167,0.014630355673076318
3,100,Stress null,stress_null,500,0.25,0.1,0.1,0,empirical,JM-MI,2000,-0.0011536929302456084,-0.0011536929302456084,0.05800932093047429,0.0033647297815346546,139.3656369605516,0.05988297601409172,3.2299207326750956,0.9605,0.96,0.0445,NA,NA,0.0012971278492914188,9.174372862985438e-4,1.0297408111314331e-4,7.211023171580022,1.6887637396669847e-4,1.6583688805517498,0.004355441998236229,0.004381780460041331,0.004610843198374892,1.032299207326751,0.0165836888055175
3,100,Stress null,stress_null,500,0.25,0.1,0.1,0,empirical,Naive,2000,0.019415587389162454,0.019415587389162454,0.04216601271453471,0.002154048675594386,353.03556396196336,0.04240633284153819,0.569937993972669,0.926,0.9550000000000001,0.075,NA,NA,9.428607076982005e-4,6.668699384572563e-4,6.563630933991938e-5,18.41197209981244,4.231885104710342e-5,1.5937112829930302,0.005853375094763702,0.00463546114210873,0.005889609494694873,1.0056993799397267,0.0159371128299303
4,208,Stress alternative,stress_alternative,500,0.25,0.1,0.1,0.15,empirical,CCA,2000,0.14800751230317702,-0.001992487696822989,0.0887383985115378,0.00787453612592929,0,0.08834743558881843,-0.4405791960157335,0.9490000000000001,0.9500000000000001,0.3975,NA,NA,0.001984250912862647,0.0014034281769731163,2.4855018753206686e-4,0,2.1712466036833027e-4,1.5934639154469716,0.004919298730510272,0.0048733971724044785,0.010942891528293608,0.9955942080398427,0.015934639154469715
4,208,Stress alternative,stress_alternative,500,0.25,0.1,0.1,0.15,empirical,AIPW,2000,0.14877799236313802,-0.00122200763686197,0.058529857009901876,0.0034255245921833094,129.86256413017435,0.05811982125657496,-0.7005582693590862,0.9435,0.9420000000000001,0.7265,NA,NA,0.0013087673898748318,9.256697427464117e-4,1.1468637668392275e-4,7.504877546948896,1.63550494817233e-4,1.5951205481005009,0.005162739098579358,0.005226662414964255,0.00996739058129057,0.9929944173064091,0.01595120548100501
4,208,Stress alternative,stress_alternative,500,0.25,0.1,0.1,0.15,empirical,FCS-MI,2000,0.1519835270063419,0.001983527006341923,0.05506437833281822,0.0030345040976840396,159.70582597665833,0.0584810704312963,6.2049045170854855,0.96,0.9585,0.755,NA,NA,0.001231276930909481,8.708620100884197e-4,1.0110552662513798e-4,7.80550250591043,1.6608870474049898e-4,1.7065343725035518,0.004381780460041331,0.004459694496263168,0.00961704216482386,1.0620490451708549,0.017065343725035518
4,208,Stress alternative,stress_alternative,500,0.25,0.1,0.1,0.15,empirical,IPW,2000,0.14812525051414166,-0.0018747494858583444,0.09179780789769579,0.008426138801689576,-6.5544655648973045,0.08238813986351584,-10.25042781486304,0.9165,0.9135,0.4505,NA,NA,0.0020526613864471485,0.0014518137846632516,2.6937488779233277e-4,1.1140738545084363,2.7091125632295937e-4,1.4497751732361184,0.006185780063985464,0.006285608562422576,0.011125415722569651,0.8974957218513696,0.014497751732361184
4,208,Stress alternative,stress_alternative,500,0.25,0.1,0.1,0.15,empirical,JM-MI,2000,0.15063418033891832,6.341803389183304e-4,0.055419026601808495,0.0030701350599394825,156.3925409340089,0.05871660521746931,5.95026440892632,0.963,0.963,0.7485,NA,NA,0.0012392071072851298,8.764708939759397e-4,1.0198745673994029e-4,7.661527309671969,1.5757407301921053e-4,1.699592083434593,0.004220841148396847,0.004220841148396847,0.009701745976884777,1.0595026440892632,0.01699592083434593
4,208,Stress alternative,stress_alternative,500,0.25,0.1,0.1,0.15,empirical,Naive,2000,0.17177821075092717,0.021778210750927188,0.04099772174511659,0.0021542632452076615,368.49366873445996,0.04151600195920315,1.2641683294225992,0.921,0.9520000000000001,0.987,NA,NA,9.1673692744702e-4,6.483930164833776e-4,6.900637437511672e-5,18.818670918404106,4.243707090597685e-5,1.6048691156457826,0.006031542091372652,0.004779958158812687,0.0025328837320335107,1.012641683294226,0.016048691156457826
