sensitivity_scenario_id,primary_scenario_id,scenario_label,scenario_key,N,phase2_fraction,r2_a_marker,r2_y_marker,theta_true,method,empirical_null_rejection_rate,empirical_mcse_null_rejection,primary_null_rejection_rate,primary_mcse_null_rejection,delta_null_rejection_rate
1,60,MIDUS-like null,midus_null,800,0.65,0.05,0.05,0,AIPW,0.055,0.005097793640389928,0.0565,0.00516273909857935,-0.0015000000000000013
1,60,MIDUS-like null,midus_null,800,0.65,0.05,0.05,0,CCA,0.053,0.005009540897128199,0.0515,0.00494205169944629,0.0015000000000000013
1,60,MIDUS-like null,midus_null,800,0.65,0.05,0.05,0,FCS-MI,0.0515,0.004942051699446294,0.0515,0.00494205169944629,0
1,60,MIDUS-like null,midus_null,800,0.65,0.05,0.05,0,IPW,0.0575,0.005205465877325487,0.058,0.00522666241496425,-5.000000000000004e-4
1,60,MIDUS-like null,midus_null,800,0.65,0.05,0.05,0,JM-MI,0.052,0.004964675215963275,0.05,0.00487339717240448,0.001999999999999995
1,60,MIDUS-like null,midus_null,800,0.65,0.05,0.05,0,Naive,0.064,0.005472842040475863,0.0685,0.00564835152942874,-0.004500000000000004
3,100,Stress null,stress_null,500,0.25,0.1,0.1,0,AIPW,0.06,0.0053103672189407005,0.05,0.00487339717240448,0.009999999999999995
3,100,Stress null,stress_null,500,0.25,0.1,0.1,0,CCA,0.048,0.0047799581588126895,0.046,0.00468422885862764,0.0020000000000000018
3,100,Stress null,stress_null,500,0.25,0.1,0.1,0,FCS-MI,0.036,0.004165573189850348,0.0325,0.00396508196636589,0.003499999999999996
3,100,Stress null,stress_null,500,0.25,0.1,0.1,0,IPW,0.081,0.006100778638829638,0.0845,0.00621931467285584,-0.003500000000000003
3,100,Stress null,stress_null,500,0.25,0.1,0.1,0,JM-MI,0.0395,0.00435544199823623,0.0365,0.0041933131292571,0.0030000000000000027
3,100,Stress null,stress_null,500,0.25,0.1,0.1,0,Naive,0.074,0.005853375094763704,0.073,0.00581682903307291,0.0010000000000000009
