sensitivity_scenario_id,primary_scenario_id,scenario_label,scenario_key,N,phase2_fraction,r2_a_marker,r2_y_marker,theta_true,marker_error,method,mean_runtime_seconds,median_runtime_seconds,p95_runtime_seconds,total_cpu_hours
1,60,MIDUS-like null,midus_null,800,0.65,0.05,0.05,0,empirical,AIPW,0.03296149999999887,0.018000000000029104,0.1409999999999627,0.018311944444443812
1,60,MIDUS-like null,midus_null,800,0.65,0.05,0.05,0,empirical,CCA,0.0033855000000009867,0.0029999999999290594,0.007999999999981355,0.0018808333333338813
1,60,MIDUS-like null,midus_null,800,0.65,0.05,0.05,0,empirical,FCS-MI,5.831526500000001,5.815499999999929,6.96219999999999,3.239736944444445
1,60,MIDUS-like null,midus_null,800,0.65,0.05,0.05,0,empirical,IPW,0.012036499999996295,0.0060000000000854925,0.05500000000000682,0.006686944444442386
1,60,MIDUS-like null,midus_null,800,0.65,0.05,0.05,0,empirical,JM-MI,348.3464955,355.0830000000001,380.3329500000001,193.52583083333334
1,60,MIDUS-like null,midus_null,800,0.65,0.05,0.05,0,empirical,Naive,0.004243999999999513,0.0019999999999527063,0.020999999999999908,0.0023577777777775075
2,168,MIDUS-like alternative,midus_alternative,800,0.65,0.05,0.05,0.15,empirical,AIPW,0.03748299999999682,0.01999999999998181,0.17900000000003047,0.020823888888887122
2,168,MIDUS-like alternative,midus_alternative,800,0.65,0.05,0.05,0.15,empirical,CCA,0.0038420000000014528,0.003000000000156433,0.009999999999990905,0.0021344444444452515
2,168,MIDUS-like alternative,midus_alternative,800,0.65,0.05,0.05,0.15,empirical,FCS-MI,6.3707860000000025,6.467000000000098,8.153050000000235,3.5393255555555565
2,168,MIDUS-like alternative,midus_alternative,800,0.65,0.05,0.05,0.15,empirical,IPW,0.013843500000002564,0.007000000000061846,0.0680500000000364,0.007690833333334758
2,168,MIDUS-like alternative,midus_alternative,800,0.65,0.05,0.05,0.15,empirical,JM-MI,357.934715,364.5245000000001,396.39719999999994,198.85261944444446
2,168,MIDUS-like alternative,midus_alternative,800,0.65,0.05,0.05,0.15,empirical,Naive,0.004849499999996823,0.002000000000066393,0.02400000000000002,0.002694166666664902
3,100,Stress null,stress_null,500,0.25,0.1,0.1,0,empirical,AIPW,0.036375999999996356,0.015000000000100044,0.15805000000001423,0.02020888888888686
3,100,Stress null,stress_null,500,0.25,0.1,0.1,0,empirical,CCA,0.003576500000000413,0.0030000000000001137,0.007000000000005002,0.001986944444444674
3,100,Stress null,stress_null,500,0.25,0.1,0.1,0,empirical,FCS-MI,5.0878685,5.0219999999999345,7.2511499999999725,2.8265936111111114
3,100,Stress null,stress_null,500,0.25,0.1,0.1,0,empirical,IPW,0.013110000000002344,0.005999999999971806,0.057999999999992724,0.007283333333334635
3,100,Stress null,stress_null,500,0.25,0.1,0.1,0,empirical,JM-MI,222.732299,224.92550000000006,256.30525000000006,123.74016611111111
3,100,Stress null,stress_null,500,0.25,0.1,0.1,0,empirical,Naive,0.004588499999999695,0.002000000000066393,0.020999999999999908,0.0025491666666664975
4,208,Stress alternative,stress_alternative,500,0.25,0.1,0.1,0.15,empirical,AIPW,0.034103499999998545,0.01499999999987267,0.1560000000000059,0.018946388888888083
4,208,Stress alternative,stress_alternative,500,0.25,0.1,0.1,0.15,empirical,CCA,0.0034000000000016513,0.002999999999985903,0.007000000000005002,0.0018888888888898064
4,208,Stress alternative,stress_alternative,500,0.25,0.1,0.1,0.15,empirical,FCS-MI,4.882307999999999,4.87399999999991,5.482999999999953,2.712393333333333
4,208,Stress alternative,stress_alternative,500,0.25,0.1,0.1,0.15,empirical,IPW,0.012760999999999512,0.005999999999971806,0.057999999999992724,0.007089444444444174
4,208,Stress alternative,stress_alternative,500,0.25,0.1,0.1,0.15,empirical,JM-MI,231.098547,232.14699999999993,246.06705000000002,128.38808166666666
4,208,Stress alternative,stress_alternative,500,0.25,0.1,0.1,0.15,empirical,Naive,0.0044030000000015845,0.002000000000066393,0.020999999999999908,0.0024461111111119915
