path,size_bytes,sha256,category
tables/table_ADEMP_design.csv,1437,d0b9bcbd1d5cc3819b152fc72b90c725d7553c0117265f73f548cdc4c4c168c0,primary_tables
tables/table_deterioration_flags.csv,882979,9a9b6299376b0d5aeed2b414ea51edb22a933e51654562b455fbd7c5dfe8a529,primary_tables
tables/table_deterioration_summary_by_method.csv,348,cd70894e859d59873ad55ecd95f21c644a31ef298fdcf7b2de199446ad85480f,primary_tables
tables/table_failure_overview.csv,137,64f2c628f72f2b84ba8173d9cc77786af183fdaf4b2f8c41568036d96b11c459,primary_tables
tables/table_main_MIDUS_like_and_stress.csv,3703,a20189e5467c891e00dace820003faa4ecff6289314ba6f3422cb666eed52a34,primary_tables
tables/table_phase2_diagnostics_all_scenarios.csv,54674,caf9d0364e8d62630dd9137eda21983633a174a21065fd67cbb72fa240bc7286,primary_tables
tables/table_runtime_overview.csv,902,50b88df3f22fdd01a3aff2e06853bf3f3f2663666a0786876db8260f3482f7e4,primary_tables
tables/table_type1_reference_scenarios.csv,1101,1937c521f155abe4f1219b63206976977091aa7fc1fa446eabb7fa833237d865,primary_tables
tables/table_weight_diagnostics_all_scenarios.csv,104028,ab7b1d5e44e356d583a34428c47aab560d77f7cb049694b0644cbe0c4341b297,primary_tables
empirical_residual_sensitivity/production/summary/empirical_residual_failure_rates.csv,2257,c03f09568b86d684010695d6b976a6174fa5c303029f9f4c7e3c0161ebff920d,empirical_residual_sensitivity
empirical_residual_sensitivity/production/summary/empirical_residual_failure_review_flags.csv,230,e0ad3e817cf7995fa46ba49897ed19bc9b42796326799f443d1b7c5df1168556,empirical_residual_sensitivity
empirical_residual_sensitivity/production/summary/empirical_residual_performance_wide.csv,11909,272951b47a6cb65bd569996fe7649b9abe54fa67d486f3a0fa7f0b73890fb313,empirical_residual_sensitivity
empirical_residual_sensitivity/production/summary/empirical_residual_phase2_diagnostics.csv,1160,a8dd87c3de9b5de11d2d19c84b17cd3eabb0202fc23d1c6505206a02f2c1eb4c,empirical_residual_sensitivity
empirical_residual_sensitivity/production/summary/EMPIRICAL_RESIDUAL_PRODUCTION_SUMMARY_PASS.txt,202,c38670f5bbc6f1adf8b33e3c410f27014882290aebce3311f93c51f301d81317,empirical_residual_sensitivity
empirical_residual_sensitivity/production/summary/empirical_residual_rsimsum_tidy.csv,39246,995567c40f930a8b2f8d5170007473450b06300c9f5f15e7aab7cce8042c28b8,empirical_residual_sensitivity
empirical_residual_sensitivity/production/summary/empirical_residual_runtime.csv,3923,0e562d735ece22f7de8c1636b731c87b2cff5ed027ac83f76831f609248ed3d3,empirical_residual_sensitivity
empirical_residual_sensitivity/production/summary/empirical_residual_summary_qc.csv,508,7ccbbd1b95c6e42946e9a65f7e7bc806c1329ad8546b19b8f3f004fa813ce850,empirical_residual_sensitivity
empirical_residual_sensitivity/production/summary/empirical_residual_type1_error.csv,1452,b41c4bbf67c7c87f803023eb5ceb4a886b8725fdbd6fd4bbcd5d096bcba45ebf,empirical_residual_sensitivity
empirical_residual_sensitivity/production/summary/empirical_residual_weight_diagnostics.csv,1893,7b3d9f9622f1924478495e502d964419b4b57d31f2ebe11aa1d6fa0ea008c5fd,empirical_residual_sensitivity
empirical_residual_sensitivity/production/summary/empirical_vs_primary_failure_comparison.csv,2173,1e7844361088189bbb9f465ba18c56a5f2ee5552395386779432ff0fcf50c803,empirical_residual_sensitivity
empirical_residual_sensitivity/production/summary/empirical_vs_primary_performance_comparison.csv,13474,1a7adc1e475d3a14255bea84fca551de48deddc841d36e97006d7e90cf4ae542,empirical_residual_sensitivity
empirical_residual_sensitivity/production/summary/empirical_vs_primary_type1_comparison.csv,1835,544fdd0af030d597e4d274f49672f90d3bc1f0ef1c87bce46dbd307a4e9b1cd5,empirical_residual_sensitivity
fcs_pmm_sensitivity/production/summary/fcs_pmm_failure_rates.csv,493,0acbd028a0f7652aaa299475cb0f497a5ec92d1321f4a31a78d0fe38c35b442a,fcs_pmm_sensitivity
fcs_pmm_sensitivity/production/summary/fcs_pmm_failure_review_flags.csv,217,dc84cbfacb840dc265eaff995066802d7ea8b05e7b7e338678d66c7ad2cc3ae6,fcs_pmm_sensitivity
fcs_pmm_sensitivity/production/summary/fcs_pmm_performance_wide.csv,2257,797e0fcb8646163ad43a47763950588c1e6716e42a0818517fe6b29bdfb038e6,fcs_pmm_sensitivity
fcs_pmm_sensitivity/production/summary/fcs_pmm_phase2_diagnostics.csv,1034,e36eb489fe9f64343eeea34bbfe19193d6ae1ac2aa31c701da9f6ae507ec7ca3,fcs_pmm_sensitivity
fcs_pmm_sensitivity/production/summary/FCS_PMM_PRODUCTION_SUMMARY_PASS.txt,175,c79a2d222d3f7d95a15facde55ba3abb5dcdb87776e7a9d6948de775727397b2,fcs_pmm_sensitivity
fcs_pmm_sensitivity/production/summary/fcs_pmm_rsimsum_tidy.csv,6326,2d211bf1fd198fe1cefbce06d7a178f5d2beb2dbb1685b6f0bca1a0dc829d017,fcs_pmm_sensitivity
fcs_pmm_sensitivity/production/summary/fcs_pmm_runtime.csv,655,d5d1e9c4dae786d2dd1c9a156fc574b0efece21a10b22a92f408f1985b511b37,fcs_pmm_sensitivity
fcs_pmm_sensitivity/production/summary/fcs_pmm_summary_qc.csv,614,3ca87bf57ea1bd4975316201f90a7936a2a41cf93459a5641a58a7a92c729aa0,fcs_pmm_sensitivity
fcs_pmm_sensitivity/production/summary/fcs_pmm_type1_error.csv,390,b6be50a0d2bf61e3efb2ed0fa780890314b53f57742e51c16381a5c50fa389de,fcs_pmm_sensitivity
fcs_pmm_sensitivity/production/summary/fcs_pmm_vs_norm_failures.csv,349,b55fb303d000352777d92d4cc40bc9d3580add5bf17d0a971a447f08cfca3921,fcs_pmm_sensitivity
fcs_pmm_sensitivity/production/summary/fcs_pmm_vs_norm_paired_summary.csv,1066,eb0574db68b395680dd9b4da9a58e0668db112e282aeb410a498cbdcfa97e8c8,fcs_pmm_sensitivity
fcs_pmm_sensitivity/production/summary/fcs_pmm_vs_norm_performance.csv,2644,9d1ed8810f76da7c11e2e6d9fe6678a37116acfe7e0b12aba952cda70719cc6d,fcs_pmm_sensitivity
fcs_pmm_sensitivity/production/summary/fcs_pmm_vs_norm_type1.csv,371,22e7896704251e15d124ac3d664ee25cdc5c0008519386524093ef44eaa0ce05,fcs_pmm_sensitivity
figure_data/failure_rates_all_scenarios.csv,80470,394aa7ed0ee21d9462bd178a783da090db50c7a409164b422757c3a6d8215f2f,figure_metadata
figure_data/figure_manifest.csv,24133,8123778e17d48e082c20d8d1db97bec19b98a5a2e0b2b98dbbf3b4c14b38378c,figure_metadata
figure_data/manuscript_candidate_regimes.csv,108,70eb572fc2af4cf80b5e9651060fdfc28136677f1fbb65a71f45c526ebdbca7d,figure_metadata
figure_data/runtime_overview_data.csv,1202,88d089c4c0558b2459e5bdf98d6c3166b2ba82fff22d803fd5d88a52cb4f3b55,figure_metadata
figures/README_FIGURE_LIBRARY.txt,1898,3cdc9207b14be5d33eb104bdcba9117084df0645823f10522312199df84a6686,figure_metadata
ipw_weight_capping_sensitivity/production/summary/ipw_capped_vs_uncapped_failures.csv,370,e6c0c4f6b72152c4c15f1b9db2f20be7addb42f6d5dd5686e443ef5b80af0371,ipw_weight_capping_sensitivity
ipw_weight_capping_sensitivity/production/summary/ipw_capped_vs_uncapped_paired_summary.csv,1372,8a910ee57c4f04ae19dc376853f17620e7f79832b78c369de682b8bd0f028851,ipw_weight_capping_sensitivity
ipw_weight_capping_sensitivity/production/summary/ipw_capped_vs_uncapped_performance.csv,2730,c41a79d90e0eb1f6919e837c1175d6efddc0a6309275a3173103231abb394065,ipw_weight_capping_sensitivity
ipw_weight_capping_sensitivity/production/summary/ipw_capped_vs_uncapped_type1.csv,384,b75063c3a78b31d0f4d3b47955e006f445775d9ffaeefe00c9b276231dd1c37a,ipw_weight_capping_sensitivity
ipw_weight_capping_sensitivity/production/summary/ipw_weight_capping_failure_rates.csv,525,240f0dccbc47bde0bf4e64266b4ec4fe5d9301bb45a2f05dd349da05720a3c71,ipw_weight_capping_sensitivity
ipw_weight_capping_sensitivity/production/summary/ipw_weight_capping_performance_wide.csv,2373,6a5d447478af48b899ab5fdff5d6c0250e376ad1d59b46356a9d19964d3827df,ipw_weight_capping_sensitivity
ipw_weight_capping_sensitivity/production/summary/ipw_weight_capping_phase2_diagnostics.csv,1034,e36eb489fe9f64343eeea34bbfe19193d6ae1ac2aa31c701da9f6ae507ec7ca3,ipw_weight_capping_sensitivity
ipw_weight_capping_sensitivity/production/summary/IPW_WEIGHT_CAPPING_PRODUCTION_SUMMARY_PASS.txt,188,8451501a5130436c7cc29c66a988e78cb5ef94e89e800e0c5a927c02f0c9eaee,ipw_weight_capping_sensitivity
ipw_weight_capping_sensitivity/production/summary/ipw_weight_capping_review_flags.csv,1133,6a54f462f034d5bbcc73d8a0337a6bd0690f85caca95b222c265a94223e2177d,ipw_weight_capping_sensitivity
ipw_weight_capping_sensitivity/production/summary/ipw_weight_capping_rsimsum_tidy.csv,7019,c2d2993e31fdcf41e2df647838237b4a8aa232d60470dd7e07dfd2b710dee3a0,ipw_weight_capping_sensitivity
ipw_weight_capping_sensitivity/production/summary/ipw_weight_capping_runtime.csv,792,9035f3e2fa04b9576b0f1bf3343e9bb3251b64ac446e03bb149bfd8f62990ca3,ipw_weight_capping_sensitivity
ipw_weight_capping_sensitivity/production/summary/ipw_weight_capping_summary_qc.csv,768,2062402a7352786a35ec86cdf05255e474449afba31b4245a411a8ebeb27c269,ipw_weight_capping_sensitivity
ipw_weight_capping_sensitivity/production/summary/ipw_weight_capping_type1_error.csv,405,2d2347d33e65e64d4c46659e10b328c76fd80a5b8bada7c012349c4f0b39bf6e,ipw_weight_capping_sensitivity
ipw_weight_capping_sensitivity/production/summary/ipw_weight_capping_weight_diagnostics.csv,2813,60d8bf19a74a74ced02b6738efa7d696b1609cdbe32b2e6f4ca8ef5772720627,ipw_weight_capping_sensitivity
phase2_mcar_sensitivity/production/summary/mcar_vs_primary_failure_comparison.csv,2158,ae0d581554a6d0d4037f7429bf508058df46cc766229f2bfd939f1cca7ded1a1,phase2_mcar_sensitivity
phase2_mcar_sensitivity/production/summary/mcar_vs_primary_paired_difference_summary.csv,4436,e7775cae97821227cb105924fb737123829f44a09445fd4f81b75d106e365322,phase2_mcar_sensitivity
phase2_mcar_sensitivity/production/summary/mcar_vs_primary_performance_comparison.csv,13054,14b63d27ae52821b77c02295237d9097e7a43745356f5c76977e0f6dca848646,phase2_mcar_sensitivity
phase2_mcar_sensitivity/production/summary/mcar_vs_primary_type1_comparison.csv,1775,d7ba9fc273629ecba4eac5bae14719b76114895a222011f4c2728f7bb7450baf,phase2_mcar_sensitivity
phase2_mcar_sensitivity/production/summary/phase2_mcar_failure_rates.csv,2243,d9c91c28d03d899e11989f1c18c318ea26c5a6b8f450cdf8ad82f1e660ed5e28,phase2_mcar_sensitivity
phase2_mcar_sensitivity/production/summary/phase2_mcar_failure_review_flags.csv,240,a6782b0454af86dfe871987660549a576b32057dcccf0e17cdcefae4e8b3b488,phase2_mcar_sensitivity
phase2_mcar_sensitivity/production/summary/phase2_mcar_performance_wide.csv,11889,5ad088d17daa1f648e1a3acba8ff88ec96d27b90e3e6143b81a163683b99a2ed,phase2_mcar_sensitivity
phase2_mcar_sensitivity/production/summary/phase2_mcar_phase2_diagnostics.csv,884,ef45cc2252ac14a412e9c619d2ec71298c17b0b8270f9ed967ea854883e1fa1d,phase2_mcar_sensitivity
phase2_mcar_sensitivity/production/summary/PHASE2_MCAR_PRODUCTION_SUMMARY_PASS.txt,195,a9c65581b7c41730079760cdfef5e110873d0a61e646f6624f43c887c6d4cef2,phase2_mcar_sensitivity
phase2_mcar_sensitivity/production/summary/phase2_mcar_rsimsum_tidy.csv,39013,d30a14a402a0dfd156876ee13cda56f054741054ddcd2e03a8c1db5fea713ac5,phase2_mcar_sensitivity
phase2_mcar_sensitivity/production/summary/phase2_mcar_runtime.csv,3913,85ac975ef333c88d66aa68a3fe6ffd668001167d21e9c48831795a33f4536d01,phase2_mcar_sensitivity
phase2_mcar_sensitivity/production/summary/phase2_mcar_summary_qc.csv,587,f8d5bd4d69e5b9079e90ccbc12abbeae7262e622718dc7d4128637a51e7299ba,phase2_mcar_sensitivity
phase2_mcar_sensitivity/production/summary/phase2_mcar_type1_error.csv,1457,4601842987a0501d04856fb4ed1021426ee98860a115089e4c05789e8f4ecc8a,phase2_mcar_sensitivity
phase2_mcar_sensitivity/production/summary/phase2_mcar_weight_diagnostics.csv,1903,6078a0f953bfa436f71e1dfbd08413d46f2f21866f2e18be82f104faafd13516,phase2_mcar_sensitivity
qc/primary_content_qc_method_summary.csv,258,072ffad669f0e1bbe548b9f35111478fc23efd12755eeb5dd959ec23b203df5e,primary_qc
qc/primary_content_qc_scenario_summary.csv,9738,a5ae9c3db6d34747068a2125e10f4ed9ce4bf7e10c27d580c2cc73580ffce933,primary_qc
qc/primary_content_qc_summary.txt,748,77d6f4692359f2443b9d6597430a09cb86426b2b66be4a9baed80244cfcd05b8,primary_qc
real_world_application/manuscript_outputs/diagnostics/Diagnostic_real_world_weights.pdf,24427,2f79c67cf54b9ea3f352877bc7527fea8cbc028cc7fea5d2fca1418e82a65d9e,real_world_application
real_world_application/manuscript_outputs/diagnostics/Diagnostic_real_world_weights.png,82263,ab9fcd8c44f9c25e4ad221f183e6a1a32dbaa3601e91d7815f4d733a4236ae44,real_world_application
real_world_application/manuscript_outputs/diagnostics/real_world_weight_diagnostics_summary.csv,600,73eb53bdbb9fe137e4fe806be26e46187769cd4538aac4555421bab449377a91,real_world_application
real_world_application/manuscript_outputs/figures/Figure_real_world_method_comparison.pdf,25833,83ed6c2d5ee98d6617352ee40cf19b7c387d1eeca6bede226682769c8d00848d,real_world_application
real_world_application/manuscript_outputs/figures/Figure_real_world_method_comparison.png,116000,2af70d867eee6a78a6c51d392dece6b6a1009caa65b4064b5883d052d72fef32,real_world_application
real_world_application/manuscript_outputs/figures/Figure_real_world_method_comparison_with_annotations.pdf,40144,539da941c12a370569ed6245d1248c8407a7be31f5d0495861af06265c7d795b,real_world_application
real_world_application/manuscript_outputs/figures/Figure_real_world_method_comparison_with_annotations.png,186250,1a4b5bc09774054cdec7d7a61f9d0f71078e107925a48ceb926f9de46d6673d6,real_world_application
real_world_application/manuscript_outputs/README_REAL_WORLD_OUTPUTS.txt,893,6d6f06ebf728479c085137e6c24dd6d3d28a1a75dbcbca0fcc30262b302d1d40,real_world_application
real_world_application/manuscript_outputs/tables/MIDUS_real_world_application_tables.docx,24102,f2d4a8fbacc2b35ad60ab6bb770ac5b55fbbb1125a203d2b90278b5b6a9967da,real_world_application
real_world_application/manuscript_outputs/tables/real_world_FCS_JM_AIPW_comparison.csv,759,b96d4ebe5ed8a914211a56968b3f7a68ab58df251cf04491a45e1fbc91e75f5f,real_world_application
real_world_application/manuscript_outputs/tables/real_world_method_differences_from_AIPW.csv,2166,2c2820afce9806d25c5be47b6c65e904b0d41283b24ee723f842ac3cdbd94ba1,real_world_application
real_world_application/manuscript_outputs/tables/real_world_table_manifest.csv,498,90a9c7756e92c380bd14c913e4bfccc8b94089869f7277bda1f33c8d15a5b002,real_world_application
real_world_application/manuscript_outputs/tables/Table3_characteristics_by_phase2.csv,864,bfc2a21040c267780db691165502325e4de2bffade66528eb50d510eb6e4e347,real_world_application
real_world_application/manuscript_outputs/tables/Table3_characteristics_by_phase2.docx,16410,689ebe35a73240e6308af1ac6b636cbd5406da6312432d48aa252e8d6010c7c3,real_world_application
real_world_application/manuscript_outputs/tables/Table3_standardization_qc.csv,169,e2d3b3a6a90db965ffab2d4958e6a8631c4474ba49e32c4337b0031184061beb,real_world_application
real_world_application/manuscript_outputs/tables/Table4A_and_Table4B_alternative_layouts.docx,17488,46fb4a10a24cd02a87ef62919ff1fc2744103c20bf9b58c453e82ab6976c3fcb,real_world_application
real_world_application/manuscript_outputs/tables/Table4A_methods_in_columns.csv,479,e8440024bcf5ca3017e0f6e8735d1c4758d5fe149e39f68799de2c246cb3a645,real_world_application
real_world_application/manuscript_outputs/tables/Table4A_methods_in_columns.docx,15533,bbc7f65b7be2473dbcdc8b0c5aec5f77a085cec92fce3dbeaed59178d05cd44f,real_world_application
real_world_application/manuscript_outputs/tables/Table4B_methods_in_rows.csv,472,6e0ca64a2d00f10b5706f40f35eac140ffe98f209ffd24eeea86b27b3547a2aa,real_world_application
real_world_application/manuscript_outputs/tables/Table4B_methods_in_rows.docx,15642,5baf0bbe0868c3fb0e13f77c8b134a3ea3e53d3f988b742a793da2d0df33b671,real_world_application
real_world_application/manuscript_outputs/tables/Table4_phase2_correlations.docx,17536,f31063383dada2ebfa77dd9cdc11a070b00eaf80e15b56edab7c32b96e017e5e,real_world_application
real_world_application/manuscript_outputs/tables/Table4_phase2_correlations_display.csv,721,201e87940cb2865b2b3f31c36b6e372319cdcf814648592a4dfa4a3dd8b6c3a7,real_world_application
real_world_application/manuscript_outputs/tables/Table4_phase2_correlations_p.csv,2367,0ea093a71922a43f57f642f82441984e9732210b5fc8ef950d8fdc7f7d9ce107,real_world_application
real_world_application/manuscript_outputs/tables/Table4_phase2_correlations_r.csv,2875,f42d482737f5c25cf397b797191102183e51f5d1523e4ac4286eb4d67c78f614,real_world_application
real_world_application/manuscript_outputs/tables/Table_real_world_application.csv,852,e1a0cd45ddd7091437d23f7aa5f10c78d40f02aaf358eaaf17be895d62f88150,real_world_application
real_world_application/manuscript_outputs/tables/Table_real_world_application_unrounded.csv,1805,b4d3addd601bd1c97ef06d387d2d924a836e8940318292dcdbfd39881b5f9e5a,real_world_application
real_world_application/midus_real_world_manuscript_table.csv,1879,93237abadad684d5270eb3af2ccd3367479f52bdfaf431b29a182a692bf2b6ac,real_world_application
real_world_application/midus_real_world_marker_missingness.csv,331,445c6eed20fb9228b033a7c086200be9e48cbb8a37b518363925597d10571466,real_world_application
real_world_application/midus_real_world_method_results.csv,3912,27f2127e9ae543aa6d47023d2898baee0c78ef7c68fc1cb979d0bd5767ba671b,real_world_application
real_world_application/midus_real_world_result_qc.csv,531,598a0b9c6ce53e1df521c0e1c89ba0edb38ebd93d1de85e14307b9ef7cfc4554,real_world_application
real_world_application/midus_real_world_sample_summary.csv,102,acb132b23213232c08339f1cc92530704b1e0f297c360232639de917abe220d5,real_world_application
real_world_application/midus_real_world_weight_diagnostics.csv,501,bfa41324b7f58c4f8ce4a53695206dd722fa235f1d6ef70995bfaf5a18f54310,real_world_application
robustness/aipw_double_robustness/summary/aipw_robustness_failure_rates.csv,415,93bf8a077709735e1a81a890a3938019ca0014a5043da83b4528569a3fd18d40,aipw_robustness
robustness/aipw_double_robustness/summary/aipw_robustness_misspecification_summary.csv,783,f0f0ef68d9a92cb440770de9f31f14f9a9ccbd28968ce205c3a4e00a02fbf502,aipw_robustness
robustness/aipw_double_robustness/summary/aipw_robustness_paired_differences.csv,1389,75723cf37b39227b9987871d85953259f703b30cb1db4e576ae1240449465554,aipw_robustness
robustness/aipw_double_robustness/summary/aipw_robustness_performance_wide.csv,3474,28d8eda64f923bce5f126765346feb644ff8ada2caa70fd3cf8631af0965ba3e,aipw_robustness
robustness/aipw_double_robustness/summary/aipw_robustness_primary_reproduction_qc.csv,149,801dfa46ae125389ae758424252d1aa7b723ade0096a0e70796202157293db86,aipw_robustness
robustness/aipw_double_robustness/summary/aipw_robustness_rsimsum_tidy.csv,9230,ce88f818ea0f303ee347a8b03bf6dc13eebbe8da3a4ab04c0cae49d24cdfa48a,aipw_robustness
sensitivity/aipw_strong_misspecification/summary/aipw_strong_failure_rates.csv,415,93bf8a077709735e1a81a890a3938019ca0014a5043da83b4528569a3fd18d40,aipw_strong_misspecification
sensitivity/aipw_strong_misspecification/summary/aipw_strong_misspecification_summary.csv,781,638ce0b5fa6bccd3564d4bf3c3f86f35a58937c3ed3cd996e53367555f25770d,aipw_strong_misspecification
sensitivity/aipw_strong_misspecification/summary/aipw_strong_paired_differences.csv,1386,1c5f13e5efbb735d25291b10a09c911c614b46bab6c4272a4dbdb200513bab9b,aipw_strong_misspecification
sensitivity/aipw_strong_misspecification/summary/aipw_strong_performance_wide.csv,3457,c2d0d03aa6c93d65c99a8dfeedc24311ebb290571a661223cf69dd8a2cbe91f6,aipw_strong_misspecification
sensitivity/aipw_strong_misspecification/summary/aipw_strong_primary_reproduction_qc.csv,149,801dfa46ae125389ae758424252d1aa7b723ade0096a0e70796202157293db86,aipw_strong_misspecification
sensitivity/aipw_strong_misspecification/summary/aipw_strong_rsimsum_tidy.csv,9208,d07ec1c4ae9fc49372b890ac46a1e4d2354cb1156ac27ccb07c01a1893981c9e,aipw_strong_misspecification
summary/primary_failure_rates.csv,80470,394aa7ed0ee21d9462bd178a783da090db50c7a409164b422757c3a6d8215f2f,primary_summary
summary/primary_performance_wide.csv,830247,789abc4c2b11dfac42c264c8e4baa894415a8f860d50af9c73a8f939021231c8,primary_summary
summary/primary_phase2_diagnostics.csv,54768,2a86fbd35668287dd196657aae5118c41aad34a13f6d86883408ef2fee7a0482,primary_summary
summary/primary_rsimsum_tidy.csv,2177797,41ce38534ef1e938cc1a804ea32b381c2a74e1c9ba6a69ed60df7e56dc2990a1,primary_summary
summary/primary_runtime.csv,214960,41469d21b9aeece60cba6b3056fde63f765361638ef9d8e68dee7b0d8cd19805,primary_summary
summary/primary_type1_error.csv,42593,def9470c508d60eec0629b89468504365451d1df1a57f2b9a03cb531d327b371,primary_summary
summary/primary_weight_diagnostics.csv,104276,66d2452411c519ebe1cb3d0d7838859df65e612129ea3930830d6db2bbfe211d,primary_summary
