path,size_bytes,sha256,category
empirical_residual_sensitivity/production/summary/empirical_residual_failure_rates.csv,2257,c03f09568b86d684010695d6b976a6174fa5c303029f9f4c7e3c0161ebff920d,empirical_residual_sensitivity
empirical_residual_sensitivity/production/summary/empirical_residual_failure_review_flags.csv,230,e0ad3e817cf7995fa46ba49897ed19bc9b42796326799f443d1b7c5df1168556,empirical_residual_sensitivity
empirical_residual_sensitivity/production/summary/empirical_residual_performance_wide.csv,11909,272951b47a6cb65bd569996fe7649b9abe54fa67d486f3a0fa7f0b73890fb313,empirical_residual_sensitivity
empirical_residual_sensitivity/production/summary/empirical_residual_phase2_diagnostics.csv,1160,a8dd87c3de9b5de11d2d19c84b17cd3eabb0202fc23d1c6505206a02f2c1eb4c,empirical_residual_sensitivity
empirical_residual_sensitivity/production/summary/EMPIRICAL_RESIDUAL_PRODUCTION_SUMMARY_PASS.txt,202,c38670f5bbc6f1adf8b33e3c410f27014882290aebce3311f93c51f301d81317,empirical_residual_sensitivity
empirical_residual_sensitivity/production/summary/empirical_residual_rsimsum_tidy.csv,39246,995567c40f930a8b2f8d5170007473450b06300c9f5f15e7aab7cce8042c28b8,empirical_residual_sensitivity
empirical_residual_sensitivity/production/summary/empirical_residual_runtime.csv,3923,0e562d735ece22f7de8c1636b731c87b2cff5ed027ac83f76831f609248ed3d3,empirical_residual_sensitivity
empirical_residual_sensitivity/production/summary/empirical_residual_summary_qc.csv,508,7ccbbd1b95c6e42946e9a65f7e7bc806c1329ad8546b19b8f3f004fa813ce850,empirical_residual_sensitivity
empirical_residual_sensitivity/production/summary/empirical_residual_type1_error.csv,1452,b41c4bbf67c7c87f803023eb5ceb4a886b8725fdbd6fd4bbcd5d096bcba45ebf,empirical_residual_sensitivity
empirical_residual_sensitivity/production/summary/empirical_residual_weight_diagnostics.csv,1893,7b3d9f9622f1924478495e502d964419b4b57d31f2ebe11aa1d6fa0ea008c5fd,empirical_residual_sensitivity
empirical_residual_sensitivity/production/summary/empirical_vs_primary_failure_comparison.csv,2173,1e7844361088189bbb9f465ba18c56a5f2ee5552395386779432ff0fcf50c803,empirical_residual_sensitivity
empirical_residual_sensitivity/production/summary/empirical_vs_primary_performance_comparison.csv,13474,1a7adc1e475d3a14255bea84fca551de48deddc841d36e97006d7e90cf4ae542,empirical_residual_sensitivity
empirical_residual_sensitivity/production/summary/empirical_vs_primary_type1_comparison.csv,1835,544fdd0af030d597e4d274f49672f90d3bc1f0ef1c87bce46dbd307a4e9b1cd5,empirical_residual_sensitivity
fcs_pmm_sensitivity/production/summary/fcs_pmm_failure_rates.csv,493,0acbd028a0f7652aaa299475cb0f497a5ec92d1321f4a31a78d0fe38c35b442a,fcs_pmm_sensitivity
fcs_pmm_sensitivity/production/summary/fcs_pmm_failure_review_flags.csv,217,dc84cbfacb840dc265eaff995066802d7ea8b05e7b7e338678d66c7ad2cc3ae6,fcs_pmm_sensitivity
fcs_pmm_sensitivity/production/summary/fcs_pmm_performance_wide.csv,2257,797e0fcb8646163ad43a47763950588c1e6716e42a0818517fe6b29bdfb038e6,fcs_pmm_sensitivity
fcs_pmm_sensitivity/production/summary/fcs_pmm_phase2_diagnostics.csv,1034,e36eb489fe9f64343eeea34bbfe19193d6ae1ac2aa31c701da9f6ae507ec7ca3,fcs_pmm_sensitivity
fcs_pmm_sensitivity/production/summary/FCS_PMM_PRODUCTION_SUMMARY_PASS.txt,175,c79a2d222d3f7d95a15facde55ba3abb5dcdb87776e7a9d6948de775727397b2,fcs_pmm_sensitivity
fcs_pmm_sensitivity/production/summary/fcs_pmm_rsimsum_tidy.csv,6326,2d211bf1fd198fe1cefbce06d7a178f5d2beb2dbb1685b6f0bca1a0dc829d017,fcs_pmm_sensitivity
fcs_pmm_sensitivity/production/summary/fcs_pmm_runtime.csv,655,d5d1e9c4dae786d2dd1c9a156fc574b0efece21a10b22a92f408f1985b511b37,fcs_pmm_sensitivity
fcs_pmm_sensitivity/production/summary/fcs_pmm_summary_qc.csv,614,3ca87bf57ea1bd4975316201f90a7936a2a41cf93459a5641a58a7a92c729aa0,fcs_pmm_sensitivity
fcs_pmm_sensitivity/production/summary/fcs_pmm_type1_error.csv,390,b6be50a0d2bf61e3efb2ed0fa780890314b53f57742e51c16381a5c50fa389de,fcs_pmm_sensitivity
fcs_pmm_sensitivity/production/summary/fcs_pmm_vs_norm_failures.csv,349,b55fb303d000352777d92d4cc40bc9d3580add5bf17d0a971a447f08cfca3921,fcs_pmm_sensitivity
fcs_pmm_sensitivity/production/summary/fcs_pmm_vs_norm_paired_summary.csv,1066,eb0574db68b395680dd9b4da9a58e0668db112e282aeb410a498cbdcfa97e8c8,fcs_pmm_sensitivity
fcs_pmm_sensitivity/production/summary/fcs_pmm_vs_norm_performance.csv,2644,9d1ed8810f76da7c11e2e6d9fe6678a37116acfe7e0b12aba952cda70719cc6d,fcs_pmm_sensitivity
fcs_pmm_sensitivity/production/summary/fcs_pmm_vs_norm_type1.csv,371,22e7896704251e15d124ac3d664ee25cdc5c0008519386524093ef44eaa0ce05,fcs_pmm_sensitivity
figure_data/figure_manifest.csv,24133,8123778e17d48e082c20d8d1db97bec19b98a5a2e0b2b98dbbf3b4c14b38378c,figure_metadata
figure_data/manuscript_candidate_regimes.csv,108,70eb572fc2af4cf80b5e9651060fdfc28136677f1fbb65a71f45c526ebdbca7d,figure_metadata
figure_data/README.md,588,b247acca1623bb8541569b1450366e1dd7db139b690dc95192b1eed4072c501a,figure_metadata
figure_data/runtime_overview_data.csv,1202,88d089c4c0558b2459e5bdf98d6c3166b2ba82fff22d803fd5d88a52cb4f3b55,figure_metadata
ipw_weight_capping_sensitivity/production/summary/ipw_capped_vs_uncapped_failures.csv,370,e6c0c4f6b72152c4c15f1b9db2f20be7addb42f6d5dd5686e443ef5b80af0371,ipw_weight_capping_sensitivity
ipw_weight_capping_sensitivity/production/summary/ipw_capped_vs_uncapped_paired_summary.csv,1372,8a910ee57c4f04ae19dc376853f17620e7f79832b78c369de682b8bd0f028851,ipw_weight_capping_sensitivity
ipw_weight_capping_sensitivity/production/summary/ipw_capped_vs_uncapped_performance.csv,2730,c41a79d90e0eb1f6919e837c1175d6efddc0a6309275a3173103231abb394065,ipw_weight_capping_sensitivity
ipw_weight_capping_sensitivity/production/summary/ipw_capped_vs_uncapped_type1.csv,384,b75063c3a78b31d0f4d3b47955e006f445775d9ffaeefe00c9b276231dd1c37a,ipw_weight_capping_sensitivity
ipw_weight_capping_sensitivity/production/summary/ipw_weight_capping_failure_rates.csv,525,240f0dccbc47bde0bf4e64266b4ec4fe5d9301bb45a2f05dd349da05720a3c71,ipw_weight_capping_sensitivity
ipw_weight_capping_sensitivity/production/summary/ipw_weight_capping_performance_wide.csv,2373,6a5d447478af48b899ab5fdff5d6c0250e376ad1d59b46356a9d19964d3827df,ipw_weight_capping_sensitivity
ipw_weight_capping_sensitivity/production/summary/ipw_weight_capping_phase2_diagnostics.csv,1034,e36eb489fe9f64343eeea34bbfe19193d6ae1ac2aa31c701da9f6ae507ec7ca3,ipw_weight_capping_sensitivity
ipw_weight_capping_sensitivity/production/summary/IPW_WEIGHT_CAPPING_PRODUCTION_SUMMARY_PASS.txt,188,8451501a5130436c7cc29c66a988e78cb5ef94e89e800e0c5a927c02f0c9eaee,ipw_weight_capping_sensitivity
ipw_weight_capping_sensitivity/production/summary/ipw_weight_capping_review_flags.csv,1133,6a54f462f034d5bbcc73d8a0337a6bd0690f85caca95b222c265a94223e2177d,ipw_weight_capping_sensitivity
ipw_weight_capping_sensitivity/production/summary/ipw_weight_capping_rsimsum_tidy.csv,7019,c2d2993e31fdcf41e2df647838237b4a8aa232d60470dd7e07dfd2b710dee3a0,ipw_weight_capping_sensitivity
ipw_weight_capping_sensitivity/production/summary/ipw_weight_capping_runtime.csv,792,9035f3e2fa04b9576b0f1bf3343e9bb3251b64ac446e03bb149bfd8f62990ca3,ipw_weight_capping_sensitivity
ipw_weight_capping_sensitivity/production/summary/ipw_weight_capping_summary_qc.csv,768,2062402a7352786a35ec86cdf05255e474449afba31b4245a411a8ebeb27c269,ipw_weight_capping_sensitivity
ipw_weight_capping_sensitivity/production/summary/ipw_weight_capping_type1_error.csv,405,2d2347d33e65e64d4c46659e10b328c76fd80a5b8bada7c012349c4f0b39bf6e,ipw_weight_capping_sensitivity
ipw_weight_capping_sensitivity/production/summary/ipw_weight_capping_weight_diagnostics.csv,2813,60d8bf19a74a74ced02b6738efa7d696b1609cdbe32b2e6f4ca8ef5772720627,ipw_weight_capping_sensitivity
manuscript/main/figures/Figure1_bias_MIDUS_like.pdf,34666,b163ab427eca0d55614eb82b46661bbfc4387e16751901b83f4a1bd2843dd144,manuscript
manuscript/main/figures/Figure2_se_ratio_MIDUS_like.pdf,34643,9adf251b3f87515b5457a26981a58b07b0809038840469213ac401b24238371b,manuscript
manuscript/main/figures/Figure3_coverage_MIDUS_like.pdf,34874,9a1c73cfc91e231a99cba37c1bc1617875567ab10fbed85a74c05017d081e5fd,manuscript
manuscript/main/figures/Figure4_type1_MIDUS_like.pdf,32713,53044097c114a0129f5a784617f25e0504918386bfce7d7dfc8049742108dacd,manuscript
manuscript/main/figures/Figure5_power_MIDUS_like.pdf,34398,e9d9536e7c0ec1fd91d95e6232c99feb2583443853c699dc7008fe6a8ff37afa,manuscript
manuscript/main/figures/Figure6_real_world_method_comparison.pdf,40144,539da941c12a370569ed6245d1248c8407a7be31f5d0495861af06265c7d795b,manuscript
manuscript/main/tables/Table3_characteristics_by_phase2.csv,864,bfc2a21040c267780db691165502325e4de2bffade66528eb50d510eb6e4e347,manuscript
manuscript/main/tables/Table4_phase2_correlations_display.csv,721,201e87940cb2865b2b3f31c36b6e372319cdcf814648592a4dfa4a3dd8b6c3a7,manuscript
manuscript/README.md,1827,5f8ce30ba33c5a9dad2061d6fe40b8b946ecc5eece42ddab9d15a578f1af4d53,manuscript
manuscript/supplementary/figures/FigureS1_bias_weak_auxiliary_information.pdf,34610,06a01c7999433c0d07ca212dcb61586a04a6b1b8dc5d64371c38e8b226120058,manuscript
manuscript/supplementary/figures/FigureS10_power_strong_auxiliary_information.pdf,34400,0e130881fddfdbb42173647fd3dc52379a5b04aefa1177dc7504119212d86fd4,manuscript
manuscript/supplementary/figures/FigureS2_bias_strong_auxiliary_information.pdf,34696,fbcccb977c37fcad78cdb0ba65f27cf4f39d67ad5cb3c8e94df375b4941a55c2,manuscript
manuscript/supplementary/figures/FigureS3_se_ratio_weak_auxiliary_information.pdf,34610,9f736041a46c9489a14f29f40a6932496c0298d120dae2e995d01405c285601d,manuscript
manuscript/supplementary/figures/FigureS4_se_ratio_strong_auxiliary_information.pdf,34601,c7e0a9bec05bc66452accde2ea4e621870b843c97784563af7d070d643c670db,manuscript
manuscript/supplementary/figures/FigureS5_coverage_weak_auxiliary_information.pdf,34823,0a667adf7903527b88fdfe33447f33d68674bd03ef6a3616d67e6fc5bcd3848a,manuscript
manuscript/supplementary/figures/FigureS6_coverage_strong_auxiliary_information.pdf,34857,a676c88c510ead8ca560b4c6f4977682812bca308b20e4196d8979de377759d0,manuscript
manuscript/supplementary/figures/FigureS7_type1_weak_auxiliary_information.pdf,32714,3cece8d131ee94d4794e6368663531e959b993fa52de922f26ec994dc7d0d3dd,manuscript
manuscript/supplementary/figures/FigureS8_type1_strong_auxiliary_information.pdf,32709,e586c393f24533e8c700de41a1242a4cd7f48cda94dfee44d5b7087100a2a388,manuscript
manuscript/supplementary/figures/FigureS9_power_weak_auxiliary_information.pdf,34336,bf8ac65a6b7cb8daaeee8062f05a17265e1b3023e9a97a87e4076d5ed8323135,manuscript
manuscript/supplementary/tables/TableS1_AIPW_standard_misspecification.csv,997,623d00d1de7c1bc86444be4e7d2de33dd8e1af79d635d8f69de45195f5311a1e,manuscript
manuscript/supplementary/tables/TableS2_AIPW_strong_misspecification.csv,997,e64058803780cb947ddefdbf0520a49bac6a5ee58451456dfe34fde69a64b3a5,manuscript
manuscript/supplementary/tables/TableS3_empirical_residual_sensitivity.csv,3022,01a7e144446512ee53b058750205200de007cbf4195e89a3f51f69d1b5bf34e6,manuscript
manuscript/supplementary/tables/TableS4_phase2_MCAR_sensitivity.csv,3024,6a9b96f54572bcae98e279e8f5782335103bcd36b985d1195b030016d1dccfed,manuscript
manuscript/supplementary/tables/TableS5_FCS_PMM_sensitivity.csv,667,238194d1428e98e79ef9a17e3d81b5bd96eb88c43f939c6a1c636da6a4e1deac,manuscript
manuscript/supplementary/tables/TableS6_IPW_weight_capping_sensitivity.csv,689,0b79fe898df1ca6a76b395cc0e9aa75867085f397680d03523518c73722b982f,manuscript
phase2_mcar_sensitivity/production/summary/mcar_vs_primary_failure_comparison.csv,2158,ae0d581554a6d0d4037f7429bf508058df46cc766229f2bfd939f1cca7ded1a1,phase2_mcar_sensitivity
phase2_mcar_sensitivity/production/summary/mcar_vs_primary_paired_difference_summary.csv,4436,e7775cae97821227cb105924fb737123829f44a09445fd4f81b75d106e365322,phase2_mcar_sensitivity
phase2_mcar_sensitivity/production/summary/mcar_vs_primary_performance_comparison.csv,13054,14b63d27ae52821b77c02295237d9097e7a43745356f5c76977e0f6dca848646,phase2_mcar_sensitivity
phase2_mcar_sensitivity/production/summary/mcar_vs_primary_type1_comparison.csv,1775,d7ba9fc273629ecba4eac5bae14719b76114895a222011f4c2728f7bb7450baf,phase2_mcar_sensitivity
phase2_mcar_sensitivity/production/summary/phase2_mcar_failure_rates.csv,2243,d9c91c28d03d899e11989f1c18c318ea26c5a6b8f450cdf8ad82f1e660ed5e28,phase2_mcar_sensitivity
phase2_mcar_sensitivity/production/summary/phase2_mcar_failure_review_flags.csv,240,a6782b0454af86dfe871987660549a576b32057dcccf0e17cdcefae4e8b3b488,phase2_mcar_sensitivity
phase2_mcar_sensitivity/production/summary/phase2_mcar_performance_wide.csv,11889,5ad088d17daa1f648e1a3acba8ff88ec96d27b90e3e6143b81a163683b99a2ed,phase2_mcar_sensitivity
phase2_mcar_sensitivity/production/summary/phase2_mcar_phase2_diagnostics.csv,884,ef45cc2252ac14a412e9c619d2ec71298c17b0b8270f9ed967ea854883e1fa1d,phase2_mcar_sensitivity
phase2_mcar_sensitivity/production/summary/PHASE2_MCAR_PRODUCTION_SUMMARY_PASS.txt,195,a9c65581b7c41730079760cdfef5e110873d0a61e646f6624f43c887c6d4cef2,phase2_mcar_sensitivity
phase2_mcar_sensitivity/production/summary/phase2_mcar_rsimsum_tidy.csv,39013,d30a14a402a0dfd156876ee13cda56f054741054ddcd2e03a8c1db5fea713ac5,phase2_mcar_sensitivity
phase2_mcar_sensitivity/production/summary/phase2_mcar_runtime.csv,3913,85ac975ef333c88d66aa68a3fe6ffd668001167d21e9c48831795a33f4536d01,phase2_mcar_sensitivity
phase2_mcar_sensitivity/production/summary/phase2_mcar_summary_qc.csv,587,f8d5bd4d69e5b9079e90ccbc12abbeae7262e622718dc7d4128637a51e7299ba,phase2_mcar_sensitivity
phase2_mcar_sensitivity/production/summary/phase2_mcar_type1_error.csv,1457,4601842987a0501d04856fb4ed1021426ee98860a115089e4c05789e8f4ecc8a,phase2_mcar_sensitivity
phase2_mcar_sensitivity/production/summary/phase2_mcar_weight_diagnostics.csv,1903,6078a0f953bfa436f71e1dfbd08413d46f2f21866f2e18be82f104faafd13516,phase2_mcar_sensitivity
qc/primary_content_qc_method_summary.csv,258,072ffad669f0e1bbe548b9f35111478fc23efd12755eeb5dd959ec23b203df5e,primary_qc
qc/primary_content_qc_scenario_summary.csv,9738,a5ae9c3db6d34747068a2125e10f4ed9ce4bf7e10c27d580c2cc73580ffce933,primary_qc
qc/primary_content_qc_summary.txt,748,77d6f4692359f2443b9d6597430a09cb86426b2b66be4a9baed80244cfcd05b8,primary_qc
README.md,1616,d6f185195ca6aa26448142c46fcd7ed70fd1c3efc0b39fe32844aa4799e091bc,documentation
real_world_application/manuscript_outputs/diagnostics/real_world_weight_diagnostics_summary.csv,600,73eb53bdbb9fe137e4fe806be26e46187769cd4538aac4555421bab449377a91,real_world_application
real_world_application/manuscript_outputs/figures/Figure_real_world_method_comparison_with_annotations.pdf,40144,539da941c12a370569ed6245d1248c8407a7be31f5d0495861af06265c7d795b,real_world_application
real_world_application/manuscript_outputs/README_REAL_WORLD_OUTPUTS.txt,1438,37bbfc6ed0f54e258ac29cf081945c75565785afb85b082fff7aefb3286b2837,real_world_application
real_world_application/manuscript_outputs/tables/MIDUS_REAL_WORLD_TABLES_PASS.txt,120,5f1b7135ecbedfae5276acdeb1c83f1de2b6fd0600bc168257144c9c00429527,real_world_application
real_world_application/manuscript_outputs/tables/real_world_gtsummary_table_qc.csv,733,7431656a6e24061c6d18a82f9e0e115090c74ca772d0e8511e27733f753fe948,real_world_application
real_world_application/manuscript_outputs/tables/Table_real_world_application_unrounded.csv,1805,b4d3addd601bd1c97ef06d387d2d924a836e8940318292dcdbfd39881b5f9e5a,real_world_application
real_world_application/manuscript_outputs/tables/Table_real_world_application.csv,852,e1a0cd45ddd7091437d23f7aa5f10c78d40f02aaf358eaaf17be895d62f88150,real_world_application
real_world_application/manuscript_outputs/tables/Table3_characteristics_by_phase2.csv,864,bfc2a21040c267780db691165502325e4de2bffade66528eb50d510eb6e4e347,real_world_application
real_world_application/manuscript_outputs/tables/Table3_standardization_qc.csv,169,e2d3b3a6a90db965ffab2d4958e6a8631c4474ba49e32c4337b0031184061beb,real_world_application
real_world_application/manuscript_outputs/tables/Table4_phase2_correlations_display.csv,721,201e87940cb2865b2b3f31c36b6e372319cdcf814648592a4dfa4a3dd8b6c3a7,real_world_application
real_world_application/manuscript_outputs/tables/Table4_phase2_correlations_p.csv,2367,0ea093a71922a43f57f642f82441984e9732210b5fc8ef950d8fdc7f7d9ce107,real_world_application
real_world_application/manuscript_outputs/tables/Table4_phase2_correlations_r.csv,2875,f42d482737f5c25cf397b797191102183e51f5d1523e4ac4286eb4d67c78f614,real_world_application
real_world_application/MIDUS_REAL_WORLD_APPLICATION_PASS.txt,209,ace852b324d6ae0d51360e1436459b56cd9743c44ba0a3fe77e7b0cd8ebc9a10,real_world_application
real_world_application/midus_real_world_final_qc.csv,1012,c59f3a3ea5210c38ae27b5065f7d8ef77cde74687e5e8efa7945c36fd4286f10,real_world_application
real_world_application/midus_real_world_manuscript_table.csv,1879,93237abadad684d5270eb3af2ccd3367479f52bdfaf431b29a182a692bf2b6ac,real_world_application
real_world_application/midus_real_world_marker_missingness.csv,331,445c6eed20fb9228b033a7c086200be9e48cbb8a37b518363925597d10571466,real_world_application
real_world_application/midus_real_world_method_results.csv,3912,27f2127e9ae543aa6d47023d2898baee0c78ef7c68fc1cb979d0bd5767ba671b,real_world_application
real_world_application/midus_real_world_result_qc.csv,531,598a0b9c6ce53e1df521c0e1c89ba0edb38ebd93d1de85e14307b9ef7cfc4554,real_world_application
real_world_application/midus_real_world_sample_summary.csv,102,acb132b23213232c08339f1cc92530704b1e0f297c360232639de917abe220d5,real_world_application
real_world_application/midus_real_world_weight_diagnostics.csv,501,bfa41324b7f58c4f8ce4a53695206dd722fa235f1d6ef70995bfaf5a18f54310,real_world_application
robustness/aipw_double_robustness/summary/aipw_robustness_failure_rates.csv,415,93bf8a077709735e1a81a890a3938019ca0014a5043da83b4528569a3fd18d40,aipw_robustness
robustness/aipw_double_robustness/summary/aipw_robustness_misspecification_summary.csv,783,f0f0ef68d9a92cb440770de9f31f14f9a9ccbd28968ce205c3a4e00a02fbf502,aipw_robustness
robustness/aipw_double_robustness/summary/aipw_robustness_paired_differences.csv,1389,75723cf37b39227b9987871d85953259f703b30cb1db4e576ae1240449465554,aipw_robustness
robustness/aipw_double_robustness/summary/aipw_robustness_performance_wide.csv,3474,28d8eda64f923bce5f126765346feb644ff8ada2caa70fd3cf8631af0965ba3e,aipw_robustness
robustness/aipw_double_robustness/summary/aipw_robustness_primary_reproduction_qc.csv,149,801dfa46ae125389ae758424252d1aa7b723ade0096a0e70796202157293db86,aipw_robustness
robustness/aipw_double_robustness/summary/aipw_robustness_rsimsum_tidy.csv,9230,ce88f818ea0f303ee347a8b03bf6dc13eebbe8da3a4ab04c0cae49d24cdfa48a,aipw_robustness
sensitivity/aipw_strong_misspecification/summary/aipw_strong_failure_rates.csv,415,93bf8a077709735e1a81a890a3938019ca0014a5043da83b4528569a3fd18d40,aipw_strong_misspecification
sensitivity/aipw_strong_misspecification/summary/aipw_strong_misspecification_summary.csv,781,638ce0b5fa6bccd3564d4bf3c3f86f35a58937c3ed3cd996e53367555f25770d,aipw_strong_misspecification
sensitivity/aipw_strong_misspecification/summary/aipw_strong_paired_differences.csv,1386,1c5f13e5efbb735d25291b10a09c911c614b46bab6c4272a4dbdb200513bab9b,aipw_strong_misspecification
sensitivity/aipw_strong_misspecification/summary/aipw_strong_performance_wide.csv,3457,c2d0d03aa6c93d65c99a8dfeedc24311ebb290571a661223cf69dd8a2cbe91f6,aipw_strong_misspecification
sensitivity/aipw_strong_misspecification/summary/aipw_strong_primary_reproduction_qc.csv,149,801dfa46ae125389ae758424252d1aa7b723ade0096a0e70796202157293db86,aipw_strong_misspecification
sensitivity/aipw_strong_misspecification/summary/aipw_strong_rsimsum_tidy.csv,9208,d07ec1c4ae9fc49372b890ac46a1e4d2354cb1156ac27ccb07c01a1893981c9e,aipw_strong_misspecification
summary/primary_failure_rates.csv,80470,394aa7ed0ee21d9462bd178a783da090db50c7a409164b422757c3a6d8215f2f,primary_summary
summary/primary_performance_wide.csv,830247,789abc4c2b11dfac42c264c8e4baa894415a8f860d50af9c73a8f939021231c8,primary_summary
summary/primary_phase2_diagnostics.csv,54768,2a86fbd35668287dd196657aae5118c41aad34a13f6d86883408ef2fee7a0482,primary_summary
summary/primary_rsimsum_tidy.csv,2177797,41ce38534ef1e938cc1a804ea32b381c2a74e1c9ba6a69ed60df7e56dc2990a1,primary_summary
summary/primary_runtime.csv,214960,41469d21b9aeece60cba6b3056fde63f765361638ef9d8e68dee7b0d8cd19805,primary_summary
summary/primary_type1_error.csv,42593,def9470c508d60eec0629b89468504365451d1df1a57f2b9a03cb531d327b371,primary_summary
summary/primary_weight_diagnostics.csv,104276,66d2452411c519ebe1cb3d0d7838859df65e612129ea3930830d6db2bbfe211d,primary_summary
tables/table_ADEMP_design.csv,1437,d0b9bcbd1d5cc3819b152fc72b90c725d7553c0117265f73f548cdc4c4c168c0,primary_tables
tables/table_deterioration_flags.csv,882979,9a9b6299376b0d5aeed2b414ea51edb22a933e51654562b455fbd7c5dfe8a529,primary_tables
tables/table_deterioration_summary_by_method.csv,348,cd70894e859d59873ad55ecd95f21c644a31ef298fdcf7b2de199446ad85480f,primary_tables
tables/table_failure_overview.csv,137,64f2c628f72f2b84ba8173d9cc77786af183fdaf4b2f8c41568036d96b11c459,primary_tables
tables/table_main_MIDUS_like_and_stress.csv,3703,a20189e5467c891e00dace820003faa4ecff6289314ba6f3422cb666eed52a34,primary_tables
tables/table_phase2_diagnostics_all_scenarios.csv,54674,caf9d0364e8d62630dd9137eda21983633a174a21065fd67cbb72fa240bc7286,primary_tables
tables/table_runtime_overview.csv,902,50b88df3f22fdd01a3aff2e06853bf3f3f2663666a0786876db8260f3482f7e4,primary_tables
tables/table_type1_reference_scenarios.csv,1101,1937c521f155abe4f1219b63206976977091aa7fc1fa446eabb7fa833237d865,primary_tables
tables/table_weight_diagnostics_all_scenarios.csv,104028,ab7b1d5e44e356d583a34428c47aab560d77f7cb049694b0644cbe0c4341b297,primary_tables
