outcome,method,estimate,aipw_estimate,estimate_difference_from_AIPW,absolute_difference_from_AIPW,percent_difference_from_AIPW,se,aipw_se,se_difference_from_AIPW
GrimAge2,Naive,0.06782277948492159,0.06594920751988466,0.0018735719650369298,0.0018735719650369298,2.8409317344291365,0.0157583454415243,0.01756255414082159,-0.0018042086992972918
GrimAge2,CCA,0.0487661966036261,0.06594920751988466,-0.01718301091625856,0.01718301091625856,-26.0549164462327,0.01903392494624669,0.01756255414082159,0.0014713708054250978
GrimAge2,FCS-MI,0.06545745210898976,0.06594920751988466,-4.917554108948979e-4,4.917554108948979e-4,-0.7456578014931058,0.01569570469749564,0.01756255414082159,-0.0018668494433259526
GrimAge2,JM-MI,0.06581478582782142,0.06594920751988466,-1.3442169206323573e-4,1.3442169206323573e-4,-0.2038260915003499,0.01577852372942453,0.01756255414082159,-0.0017840304113970612
GrimAge2,IPW,0.04611712062684211,0.06594920751988466,-0.01983208689304255,0.01983208689304255,-30.07175922024974,0.0214255287055971,0.01756255414082159,0.0038629745647755093
GrimAge2,AIPW,0.06594920751988466,0.06594920751988466,0,0,0,0.01756255414082159,0.01756255414082159,0
DunedinPACE,Naive,0.16698402944770596,0.1618140497088116,0.005169979738894354,0.005169979738894354,3.1950128855917397,0.03313861922340099,0.03521513696999494,-0.0020765177465939463
DunedinPACE,CCA,0.1301957082284071,0.1618140497088116,-0.031618341480404516,0.031618341480404516,-19.53992347222167,0.04066302567248452,0.03521513696999494,0.005447888702489578
DunedinPACE,FCS-MI,0.1616899681939962,0.1618140497088116,-1.2408151481541063e-4,1.2408151481541063e-4,-0.07668154590945496,0.03357817780097133,0.03521513696999494,-0.001636959169023608
DunedinPACE,JM-MI,0.1615069139754348,0.1618140497088116,-3.0713573337681765e-4,3.0713573337681765e-4,-0.18980782813946998,0.03342494085109101,0.03521513696999494,-0.0017901961189039292
DunedinPACE,IPW,0.12731747884873004,0.1618140497088116,-0.034496570860081566,0.034496570860081566,-21.318649970233732,0.04128064690436298,0.03521513696999494,0.006065509934368038
DunedinPACE,AIPW,0.1618140497088116,0.1618140497088116,0,0,0,0.03521513696999494,0.03521513696999494,0
