Variable,GrimAge2 z-score,DunedinPACE z-score,Age,Daily discrimination z-score,CD19,CD3D,CD3E,CD4,CD8A,CD14,FCGR3A,NCAM1
GrimAge2 z-score,NA,0,0,0.07835478957250497,0.5941447966967739,4.663394692627776e-8,0.28573809196413347,1.2782244152020894e-9,3.572146207955207e-4,3.9968028886505635e-15,1.3322676295501878e-15,0.004074110418070376
DunedinPACE z-score,0,NA,5.529734070641723e-8,2.1217027641751152e-4,0.003726143439776397,0.004856274629630564,0.4025454696155255,0.04583064006451765,0.06763462312142687,1.4699916285332293e-4,0.010591245012469663,0.7135386182090078
Age,0,5.529734070641723e-8,NA,8.586384000963676e-5,0.365264528950042,1.6270795377693048e-8,0.12705931542760807,1.6786616541253352e-10,0.00105158117950932,3.3728575488112256e-13,0,4.782877026743293e-5
Daily discrimination z-score,0.07835478957250497,2.1217027641751152e-4,8.586384000963676e-5,NA,0.015897156057793627,0.8986416158456707,0.6926948186739292,0.4334086714609646,0.5346487113576606,0.2233533610853129,0.2399937841757438,0.030633236584225454
CD19,0.5941447966967739,0.003726143439776397,0.365264528950042,0.015897156057793627,NA,2.5296045702560832e-8,1.4216889887563866e-9,0.4555458592198782,0.016766395504011378,0.3005204503161911,0.024445496379358556,0.7423378932792282
CD3D,4.663394692627776e-8,0.004856274629630564,1.6270795377693048e-8,0.8986416158456707,2.5296045702560832e-8,NA,0,0,0,0,0,4.440892098500626e-16
CD3E,0.28573809196413347,0.4025454696155255,0.12705931542760807,0.6926948186739292,1.4216889887563866e-9,0,NA,1.729727472365994e-13,0,0.008153066397027509,0.005816816592766116,6.058974248102089e-6
CD4,1.2782244152020894e-9,0.04583064006451765,1.6786616541253352e-10,0.4334086714609646,0.4555458592198782,0,1.729727472365994e-13,NA,0,0,0,3.0819791163594346e-13
CD8A,3.572146207955207e-4,0.06763462312142687,0.00105158117950932,0.5346487113576606,0.016766395504011378,0,0,0,NA,0,0,0
CD14,3.9968028886505635e-15,1.4699916285332293e-4,3.3728575488112256e-13,0.2233533610853129,0.3005204503161911,0,0.008153066397027509,0,0,NA,0,7.549516567451064e-14
FCGR3A,1.3322676295501878e-15,0.010591245012469663,0,0.2399937841757438,0.024445496379358556,0,0.005816816592766116,0,0,0,NA,0
NCAM1,0.004074110418070376,0.7135386182090078,4.782877026743293e-5,0.030633236584225454,0.7423378932792282,4.440892098500626e-16,6.058974248102089e-6,3.0819791163594346e-13,0,7.549516567451064e-14,0,NA
