outcome,method,estimate,se,conf_low,conf_high,p_value,N_phase1,N_phase2,phase2_fraction
DunedinPACE,Naive,0.16698402944770596,0.03313861922340099,0.10193258844254484,0.2320354704528671,5.821164902638858e-7,786,518,0.6590330788804071
DunedinPACE,CCA,0.1301957082284071,0.04066302567248452,0.05030579348630851,0.21008562297050568,0.00145185502404545,786,518,0.6590330788804071
DunedinPACE,FCS-MI,0.1616899681939962,0.03357817780097133,0.09576853383810072,0.22761140254989165,1.7876168316868097e-6,786,518,0.6590330788804071
DunedinPACE,JM-MI,0.1615069139754348,0.03342494085109101,0.09588861155531228,0.2271252163955573,1.6423228158249345e-6,786,518,0.6590330788804071
DunedinPACE,IPW,0.12731747884873004,0.04128064690436298,0.04640889765766373,0.20822606003979635,0.00204105196409014,786,518,0.6590330788804071
DunedinPACE,AIPW,0.1618140497088116,0.03521513696999494,0.09279364953697657,0.23083444988064664,4.327200781964941e-6,786,518,0.6590330788804071
GrimAge2,Naive,0.06782277948492159,0.0157583454415243,0.03688898976008036,0.09875656920976282,1.891484186401111e-5,786,518,0.6590330788804071
GrimAge2,CCA,0.0487661966036261,0.01903392494624669,0.01137058680786735,0.08616180639938485,0.01069472753653267,786,518,0.6590330788804071
GrimAge2,FCS-MI,0.06545745210898976,0.01569570469749564,0.03464415543890946,0.09627074877907006,3.4000795910374336e-5,786,518,0.6590330788804071
GrimAge2,JM-MI,0.06581478582782142,0.01577852372942453,0.03483837161537354,0.09679120004026932,3.392970311425411e-5,786,518,0.6590330788804071
GrimAge2,IPW,0.04611712062684211,0.0214255287055971,0.00412385601414271,0.08811038523954151,0.03136287912417238,786,518,0.6590330788804071
GrimAge2,AIPW,0.06594920751988466,0.01756255414082159,0.03152723392733955,0.10037118111242976,1.7326990106377862e-4,786,518,0.6590330788804071
