Outcome,Method,Estimate,Standard error,95% CI,P-value,Phase-1 N,Phase-2 N,Phase-2 fraction
DunedinPACE,Naive,0.167,0.033,"0.102, 0.232",<0.001,786,518,0.659
DunedinPACE,CCA,0.13,0.041,"0.050, 0.210",0.001,786,518,0.659
DunedinPACE,FCS-MI,0.162,0.034,"0.096, 0.228",<0.001,786,518,0.659
DunedinPACE,JM-MI,0.162,0.033,"0.096, 0.227",<0.001,786,518,0.659
DunedinPACE,IPW,0.127,0.041,"0.046, 0.208",0.002,786,518,0.659
DunedinPACE,AIPW,0.162,0.035,"0.093, 0.231",<0.001,786,518,0.659
GrimAge2,Naive,0.068,0.016,"0.037, 0.099",<0.001,786,518,0.659
GrimAge2,CCA,0.049,0.019,"0.011, 0.086",0.011,786,518,0.659
GrimAge2,FCS-MI,0.065,0.016,"0.035, 0.096",<0.001,786,518,0.659
GrimAge2,JM-MI,0.066,0.016,"0.035, 0.097",<0.001,786,518,0.659
GrimAge2,IPW,0.046,0.021,"0.004, 0.088",0.031,786,518,0.659
GrimAge2,AIPW,0.066,0.018,"0.032, 0.100",<0.001,786,518,0.659
