sensitivity_scenario_id,primary_scenario_id,scenario_label,scenario_key,N,phase2_fraction,r2_a_marker,r2_y_marker,theta_true,selection,marker_error,mice_method,stat,est,mcse,method,lower,upper
1,60,MIDUS-like null,midus_null,800,0.65,0.05,0.05,0,mar,mvn,pmm,nsim,2000,NA,FCS-PMM,NA,NA
1,60,MIDUS-like null,midus_null,800,0.65,0.05,0.05,0,mar,mvn,pmm,thetamean,-9.153874739316655e-4,NA,FCS-PMM,NA,NA
1,60,MIDUS-like null,midus_null,800,0.65,0.05,0.05,0,mar,mvn,pmm,bias,-9.153874739316657e-4,8.040713591104533e-4,FCS-PMM,-0.0024913383787883263,6.605634309249949e-4
1,60,MIDUS-like null,midus_null,800,0.65,0.05,0.05,0,mar,mvn,pmm,empse,0.03595916435463237,5.687065049876548e-4,FCS-PMM,0.034844520087082914,0.03707380862218182
1,60,MIDUS-like null,midus_null,800,0.65,0.05,0.05,0,mar,mvn,pmm,mse,0.0012932529045603526,4.1092573294739717e-5,FCS-PMM,0.0012127129408705903,0.0013737928682501148
1,60,MIDUS-like null,midus_null,800,0.65,0.05,0.05,0,mar,mvn,pmm,modelse,0.03506953867862924,3.042371753136082e-5,FCS-PMM,0.035009909287991955,0.035129168069266525
1,60,MIDUS-like null,midus_null,800,0.65,0.05,0.05,0,mar,mvn,pmm,relerror,-2.473988736861521,1.5447260125653264,FCS-PMM,-5.501596087471727,0.5536186137486849
1,60,MIDUS-like null,midus_null,800,0.65,0.05,0.05,0,mar,mvn,pmm,cover,0.9485,0.004942051699446293,FCS-PMM,0.9388137566593503,0.9581862433406497
1,60,MIDUS-like null,midus_null,800,0.65,0.05,0.05,0,mar,mvn,pmm,becover,0.9480000000000001,0.004964675215963273,FCS-PMM,0.9382694153817734,0.9577305846182267
1,60,MIDUS-like null,midus_null,800,0.65,0.05,0.05,0,mar,mvn,pmm,power,0.051500000000000004,0.004942051699446294,FCS-PMM,0.041813756659350304,0.061186243340649704
2,168,MIDUS-like alternative,midus_alternative,800,0.65,0.05,0.05,0.15,mar,mvn,pmm,nsim,2000,NA,FCS-PMM,NA,NA
2,168,MIDUS-like alternative,midus_alternative,800,0.65,0.05,0.05,0.15,mar,mvn,pmm,thetamean,0.1489455640821688,NA,FCS-PMM,NA,NA
2,168,MIDUS-like alternative,midus_alternative,800,0.65,0.05,0.05,0.15,mar,mvn,pmm,bias,-0.0010544359178312024,7.877145359511946e-4,FCS-PMM,-0.002598328038394225,4.894562027318204e-4
2,168,MIDUS-like alternative,midus_alternative,800,0.65,0.05,0.05,0.15,mar,mvn,pmm,empse,0.03522766498503146,5.571375918231637e-4,FCS-PMM,0.03413569537062468,0.03631963459943824
2,168,MIDUS-like alternative,midus_alternative,800,0.65,0.05,0.05,0.15,mar,mvn,pmm,mse,0.0012414797212122754,3.9738311954487203e-5,FCS-PMM,0.001163594060975063,0.0013193653814494877
2,168,MIDUS-like alternative,midus_alternative,800,0.65,0.05,0.05,0.15,mar,mvn,pmm,modelse,0.03425688680793988,3.0465013786549234e-5,FCS-PMM,0.034197176478129726,0.03431659713775004
2,168,MIDUS-like alternative,midus_alternative,800,0.65,0.05,0.05,0.15,mar,mvn,pmm,relerror,-2.7557267207578673,1.5403810153986024,FCS-PMM,-5.774818033408366,0.26336459189263106
2,168,MIDUS-like alternative,midus_alternative,800,0.65,0.05,0.05,0.15,mar,mvn,pmm,cover,0.9415,0.0052477495176503994,FCS-PMM,0.9312145999455178,0.9517854000544822
2,168,MIDUS-like alternative,midus_alternative,800,0.65,0.05,0.05,0.15,mar,mvn,pmm,becover,0.9420000000000001,0.005226662414964255,FCS-PMM,0.931755929907321,0.9522440700926791
2,168,MIDUS-like alternative,midus_alternative,800,0.65,0.05,0.05,0.15,mar,mvn,pmm,power,0.9915,0.0020527725154044657,FCS-PMM,0.9874766398013536,0.9955233601986465
3,100,Stress null,stress_null,500,0.25,0.1,0.1,0,mar,mvn,pmm,nsim,2000,NA,FCS-PMM,NA,NA
3,100,Stress null,stress_null,500,0.25,0.1,0.1,0,mar,mvn,pmm,thetamean,0.004617130690218348,NA,FCS-PMM,NA,NA
3,100,Stress null,stress_null,500,0.25,0.1,0.1,0,mar,mvn,pmm,bias,0.004617130690218348,0.0012389718577501027,FCS-PMM,0.0021887904711694645,0.0070454709092672325
3,100,Stress null,stress_null,500,0.25,0.1,0.1,0,mar,mvn,pmm,empse,0.05540850592276859,8.763045058322144e-4,FCS-PMM,0.05369098065184728,0.0571260311936899
3,100,Stress null,stress_null,500,0.25,0.1,0.1,0,mar,mvn,pmm,mse,0.003089885373139741,1.0357239872925971e-4,FCS-PMM,0.00288688720183797,0.003292883544441512
3,100,Stress null,stress_null,500,0.25,0.1,0.1,0,mar,mvn,pmm,modelse,0.05938301258340317,1.6226118865785304e-4,FCS-PMM,0.05906498649754512,0.05970103866926122
3,100,Stress null,stress_null,500,0.25,0.1,0.1,0,mar,mvn,pmm,relerror,7.173098415926371,1.7200910107969116,FCS-PMM,3.801781984633328,10.544414847219414
3,100,Stress null,stress_null,500,0.25,0.1,0.1,0,mar,mvn,pmm,cover,0.9625,0.004248161366991606,FCS-PMM,0.954173756720182,0.970826243279818
3,100,Stress null,stress_null,500,0.25,0.1,0.1,0,mar,mvn,pmm,becover,0.9645,0.0041376170678302255,FCS-PMM,0.9563904195652345,0.9726095804347655
3,100,Stress null,stress_null,500,0.25,0.1,0.1,0,mar,mvn,pmm,power,0.039,0.004328914413568372,FCS-PMM,0.030515483657249664,0.04748451634275033
4,208,Stress alternative,stress_alternative,500,0.25,0.1,0.1,0.15,mar,mvn,pmm,nsim,2000,NA,FCS-PMM,NA,NA
4,208,Stress alternative,stress_alternative,500,0.25,0.1,0.1,0.15,mar,mvn,pmm,thetamean,0.15362185670654785,NA,FCS-PMM,NA,NA
4,208,Stress alternative,stress_alternative,500,0.25,0.1,0.1,0.15,mar,mvn,pmm,bias,0.003621856706547861,0.0012684967017521115,FCS-PMM,0.0011356488566058765,0.006108064556489845
4,208,Stress alternative,stress_alternative,500,0.25,0.1,0.1,0.15,mar,mvn,pmm,empse,0.05672889708703995,8.971869445019165e-4,FCS-PMM,0.05497044298841666,0.05848735118566324
4,208,Stress alternative,stress_alternative,500,0.25,0.1,0.1,0.15,mar,mvn,pmm,mse,0.0032296765268323806,1.0273297241822977e-4,FCS-PMM,0.0030283236008679035,0.0034310294527968577
4,208,Stress alternative,stress_alternative,500,0.25,0.1,0.1,0.15,mar,mvn,pmm,modelse,0.058103666214034205,1.596034688725352e-4,FCS-PMM,0.057790849163236374,0.058416483264832036
4,208,Stress alternative,stress_alternative,500,0.25,0.1,0.1,0.15,mar,mvn,pmm,relerror,2.423401824443938,1.6441121772783895,FCS-PMM,-0.7989988295654373,5.645802478453314
4,208,Stress alternative,stress_alternative,500,0.25,0.1,0.1,0.15,mar,mvn,pmm,cover,0.9575,0.004510751046111944,FCS-PMM,0.9486590904063943,0.9663409095936057
4,208,Stress alternative,stress_alternative,500,0.25,0.1,0.1,0.15,mar,mvn,pmm,becover,0.9575,0.004510751046111944,FCS-PMM,0.9486590904063943,0.9663409095936057
4,208,Stress alternative,stress_alternative,500,0.25,0.1,0.1,0.15,mar,mvn,pmm,power,0.7595000000000001,0.009556666521334726,FCS-PMM,0.7407692778059243,0.7782307221940759
